VendorID,tpep_pickup_datetime,tpep_dropoff_datetime,passenger_count,trip_distance,pickup_longitude,pickup_latitude,RateCodeID,store_and_fwd_flag,dropoff_longitude,dropoff_latitude,payment_type,fare_amount,extra,mta_tax,tip_amount,tolls_amount,improvement_surcharge,total_amount,trip_duration,normalized_distance,weather,zone
1,2015-01-18 18:50:19,2015-01-18 18:57:36,1,1.2,-73.97721099853516,40.7847785949707,1,N,-73.98921203613281,40.77347946166992,2,7.5,0.0,0.5,0.0,0.0,0.3,8.3,437.0,-0.0012455866068056,Clear,Otra
2,2015-01-05 15:37:07,2015-01-05 15:48:33,1,1.45,-73.9696044921875,40.76337432861328,1,N,-73.95703125,40.78063583374024,1,9.0,0.0,0.5,1.0,0.0,0.3,10.8,686.0,-0.0012202010628216,Clear,Otra
2,2015-01-29 15:13:44,2015-01-29 15:30:39,1,1.82,-73.94790649414062,40.77481460571289,1,N,-73.9657974243164,40.75797271728516,2,12.0,0.0,0.5,0.0,0.0,0.3,12.8,1015.0,-0.0011826304577254,Clear,Otra
1,2015-01-01 07:25:11,2015-01-01 07:49:20,1,17.3,-73.9817886352539,40.73661804199219,2,N,-73.77642822265625,40.645332336425774,2,52.0,0.0,0.5,0.0,5.33,0.0,58.13,1449.0,0.0003892424257599,Clear,Otra
2,2015-01-12 10:10:55,2015-01-12 10:36:37,1,3.28,-73.98674011230467,40.73385620117188,1,N,-73.98899078369139,40.768753051757805,1,17.5,0.0,0.5,4.38,0.0,0.3,22.68,1542.0,-0.0010343788808592,Clear,Otra
2,2015-01-09 22:43:07,2015-01-09 22:46:04,1,0.72,-73.95346069335938,40.77265167236328,1,N,-73.94707489013672,40.78010177612305,1,4.5,0.5,0.5,1.0,0.0,0.3,6.8,177.0,-0.0012943268512547,Clear,Otra
2,2015-01-18 00:30:01,2015-01-18 00:37:13,6,1.28,-73.99103546142578,40.73408889770508,1,N,-74.00772094726561,40.73191452026367,1,6.5,0.5,0.5,1.4,0.0,0.3,9.2,432.0,-0.0012374632327307,Clear,Otra
1,2015-01-26 14:22:56,2015-01-26 14:31:03,1,0.7,-73.96995544433594,40.75348663330078,1,N,-73.97122955322266,40.745304107666016,1,6.5,0.0,0.5,1.45,0.0,0.3,8.75,487.0,-0.0012963576947734,Clear,Otra
1,2015-01-31 17:59:22,2015-01-31 18:05:39,1,0.7,-73.98240661621094,40.768360137939446,1,N,-73.97840881347656,40.7632293701172,1,6.0,0.0,0.5,1.0,0.0,0.3,7.8,377.0,-0.0012963576947734,Clear,Midtown Manhattan
2,2015-01-06 18:20:43,2015-01-06 18:24:56,1,0.79,-73.97476196289062,40.74198532104492,1,N,-73.98298645019531,40.74877166748047,2,5.0,1.0,0.5,0.0,0.0,0.3,6.8,253.0,-0.0012872188989392,Clear,Otra
1,2015-01-03 00:45:48,2015-01-03 00:53:32,1,1.4,-73.98885345458984,40.756717681884766,1,N,-73.96847534179686,40.75642013549805,2,7.5,0.5,0.5,0.0,0.0,0.0,8.8,464.0,-0.0012252781716184,Clear,Midtown Manhattan
1,2015-01-21 19:20:56,2015-01-21 19:25:39,1,0.8,0.0,0.0,1,N,0.0,0.0,1,5.5,1.0,0.5,1.45,0.0,0.3,8.75,283.0,-0.0012862034771799,Clear,Otra
2,2015-01-24 09:41:50,2015-01-24 09:50:38,1,1.69,-73.98014068603516,40.77569961547852,1,N,-73.99208068847656,40.754878997802734,1,8.0,0.0,0.5,2.2,0.0,0.3,11.0,528.0,-0.001195830940597,Clear,Otra
2,2015-01-01 05:20:09,2015-01-01 05:23:12,1,0.62,-73.86908721923827,40.749168395996094,1,N,-73.86927032470702,40.75537109375,2,4.5,0.5,0.5,0.0,0.0,0.3,5.8,183.0,-0.0013044810688483,Clouds,Otra
1,2015-01-09 05:03:15,2015-01-09 05:26:18,2,17.4,-73.9857177734375,40.72695159912109,2,N,-73.79261779785155,40.64466094970703,1,52.0,0.0,0.5,10.0,0.0,0.3,62.8,1383.0,0.0003993966433534,Clear,Lower Manhattan
2,2015-01-21 20:01:07,2015-01-21 20:10:09,1,1.19,-73.99565887451173,40.72670364379882,1,N,-73.98941802978516,40.73981094360352,1,7.5,0.5,0.5,2.4,0.0,0.3,11.2,542.0,-0.0012466020285649,Clear,Lower Manhattan
2,2015-01-15 16:21:51,2015-01-15 16:32:37,1,1.33,-74.0001220703125,40.73797607421875,1,N,-73.99210357666014,40.74924087524414,1,8.5,1.0,0.5,1.9,0.0,0.3,12.2,646.0,-0.0012323861239339,Clear,Otra
2,2015-01-13 06:01:21,2015-01-13 06:15:35,6,1.91,-73.99227905273438,40.749298095703125,1,N,-73.98423767089844,40.761478424072266,1,11.0,0.0,0.5,2.75,0.0,0.3,14.55,854.0,-0.0011734916618912,Clear,Midtown Manhattan
1,2015-01-11 15:00:35,2015-01-11 15:20:29,1,3.4,0.0,0.0,1,N,0.0,0.0,1,15.5,0.0,0.5,3.26,0.0,0.3,19.56,1194.0,-0.0010221938197469,Clear,Otra
2,2015-01-31 21:18:50,2015-01-31 21:38:48,1,9.2,-73.87340545654298,40.77402114868164,1,N,-73.9909896850586,40.75872039794922,1,27.0,0.5,0.5,8.21,5.33,0.3,41.84,1198.0,-0.0004332491993196,Clouds,Queens
2,2015-01-29 21:23:38,2015-01-29 21:29:01,1,1.18,-73.96517944335938,40.76350021362305,1,N,-73.950927734375,40.769886016845696,1,6.0,0.5,0.5,0.7,0.0,0.3,8.0,323.0,-0.0012476174503243,Clear,Otra
2,2015-01-17 19:35:32,2015-01-17 19:57:43,1,4.06,-73.9873504638672,40.7609748840332,1,N,-73.98748779296875,40.71992874145508,2,17.0,0.0,0.5,0.0,0.0,0.3,17.8,1331.0,-0.0009551759836293,Clear,Midtown Manhattan
1,2015-01-17 00:11:17,2015-01-17 00:15:28,1,0.5,-73.9884033203125,40.74313735961913,1,N,-73.97877502441406,40.73956680297852,1,4.5,0.5,0.5,1.45,0.0,0.3,7.25,251.0,-0.0013166661299606,Clear,Midtown Manhattan
2,2015-01-13 20:02:06,2015-01-13 20:15:49,1,2.47,-73.9802474975586,40.74908828735352,1,N,-73.97598266601561,40.776126861572266,2,11.0,0.5,0.5,0.0,0.0,0.3,12.3,823.0,-0.0011166280433672,Clear,Midtown Manhattan
1,2015-01-26 14:34:43,2015-01-26 14:41:05,2,0.7,-73.98629760742188,40.726348876953125,1,N,-73.98966217041014,40.73336791992188,1,5.5,0.0,0.5,1.0,0.0,0.3,7.3,382.0,-0.0012963576947734,Clear,Lower Manhattan
2,2015-01-02 18:16:44,2015-01-02 18:34:35,5,1.33,-73.98107147216798,40.76131820678711,1,N,-73.98406219482422,40.74925994873047,2,12.0,1.0,0.5,0.0,0.0,0.3,13.8,1071.0,-0.0012323861239339,Clear,Midtown Manhattan
2,2015-01-22 08:42:43,2015-01-22 08:58:27,4,5.0,-74.00735473632812,40.70540237426758,1,N,-73.9765625,40.75170135498047,1,17.0,0.0,0.5,4.45,0.0,0.3,22.25,944.0,-0.0008597263382497,Clear,Lower Manhattan
2,2015-01-24 10:48:15,2015-01-24 10:54:33,1,1.21,-74.00392913818358,40.72576904296875,1,N,-74.01535034179686,40.718170166015625,2,6.5,0.0,0.5,0.0,0.0,0.3,7.3,378.0,-0.0012445711850462,Clear,Lower Manhattan
1,2015-01-09 13:55:52,2015-01-09 14:04:42,1,1.3,-73.9920196533203,40.731048583984375,1,N,-74.004638671875,40.734012603759766,2,7.5,0.0,0.5,0.0,0.0,0.3,8.3,530.0,-0.001235432389212,Clear,Otra
2,2015-01-16 08:41:53,2015-01-16 08:48:54,6,1.13,-73.98244476318358,40.76814651489258,1,N,-73.96830749511719,40.76792144775391,1,7.0,0.0,0.5,1.4,0.0,0.3,9.2,421.0,-0.0012526945591211,Clear,Midtown Manhattan
2,2015-01-23 20:15:29,2015-01-23 20:21:44,1,1.14,-73.99501037597656,40.75047302246094,1,N,-74.0080795288086,40.74021530151367,2,6.5,0.5,0.5,0.0,0.0,0.3,7.8,375.0,-0.0012516791373617,Clear,Midtown Manhattan
1,2015-01-17 23:32:48,2015-01-17 23:43:23,1,1.2,-73.9727783203125,40.749141693115234,1,N,-73.98812866210938,40.7458610534668,1,8.5,0.5,0.5,1.95,0.0,0.3,11.75,635.0,-0.0012455866068056,Clear,Otra
1,2015-01-31 05:01:56,2015-01-31 05:09:10,1,1.5,-73.99851989746092,40.74038696289063,1,N,-73.97555541992188,40.733074188232415,1,7.5,0.5,0.5,0.0,0.0,0.3,8.8,434.0,-0.0012151239540248,Clear,Midtown Manhattan
1,2015-01-30 20:51:17,2015-01-30 21:05:27,1,1.9,-73.97462463378906,40.74204254150391,1,N,-73.98197174072266,40.723979949951165,1,10.5,0.5,0.5,2.35,0.0,0.3,14.15,850.0,-0.0011745070836505,Clear,Otra
1,2015-01-08 15:07:37,2015-01-08 15:46:00,4,14.9,-74.00909423828125,40.72649383544922,3,N,-74.17772674560547,40.69041442871094,2,61.5,0.0,0.0,0.0,9.75,0.0,71.25,2303.0,0.0001455412035141,Clear,Lower Manhattan
1,2015-01-30 05:53:07,2015-01-30 05:55:07,1,0.7,-73.89909362792967,40.74995803833008,1,N,-73.88970947265625,40.75331115722656,2,4.0,0.5,0.5,0.0,0.0,0.3,5.3,120.0,-0.0012963576947734,Clouds,Otra
1,2015-01-21 09:17:00,2015-01-21 09:20:31,1,0.6,-73.96045684814453,40.77015686035156,1,N,-73.95647430419923,40.77739715576172,2,4.5,0.0,0.5,0.0,0.0,0.3,5.3,211.0,-0.001306511912367,Clear,Otra
1,2015-01-04 09:58:25,2015-01-04 10:02:13,1,0.7,-74.00384521484375,40.7270622253418,1,N,-74.00536346435547,40.73520278930664,2,5.0,0.0,0.5,0.0,0.0,0.0,5.8,228.0,-0.0012963576947734,Clear,Lower Manhattan
1,2015-01-05 19:38:26,2015-01-05 19:58:26,1,3.4,-73.99097442626953,40.75448226928711,1,N,-73.95274353027344,40.779815673828125,2,15.0,1.0,0.5,0.0,0.0,0.3,16.8,1200.0,-0.0010221938197469,Clear,Midtown Manhattan
2,2015-01-15 15:34:10,2015-01-15 15:51:32,3,2.71,-73.95792388916014,40.7694206237793,1,N,-73.98989868164062,40.757511138916016,1,13.5,0.0,0.5,1.5,0.0,0.3,15.8,1042.0,-0.0010922579211426,Clear,Otra
1,2015-01-04 16:01:47,2015-01-04 16:08:43,1,1.0,-73.98313140869139,40.7744598388672,1,N,-73.974853515625,40.76399993896485,1,6.5,0.0,0.5,1.4,0.0,0.0,8.7,416.0,-0.0012658950419927,Clear,Otra
2,2015-01-09 11:06:59,2015-01-09 11:09:13,1,0.32,-73.97698211669923,40.755741119384766,1,N,-73.97510528564453,40.75772857666016,1,3.5,0.0,0.5,1.05,0.0,0.3,5.35,134.0,-0.001334943721629,Clear,Otra
2,2015-01-24 09:57:13,2015-01-24 10:06:44,1,1.52,-73.99456024169923,40.75075149536133,1,N,-73.9796371459961,40.76454162597656,1,8.0,0.0,0.5,2.64,0.0,0.3,11.44,571.0,-0.0012130931105061,Clear,Midtown Manhattan
2,2015-01-23 11:39:19,2015-01-23 12:09:00,1,2.71,-73.97886657714845,40.783401489257805,1,N,-73.99144744873048,40.75029754638672,1,19.0,0.0,0.5,2.0,0.0,0.3,21.8,1781.0,-0.0010922579211426,Clear,Otra
1,2015-01-29 12:22:59,2015-01-29 12:39:49,1,1.2,-73.96001434326173,40.75832748413086,1,N,-73.94908142089844,40.77415466308594,2,11.0,0.0,0.5,0.0,0.0,0.3,11.8,1010.0,-0.0012455866068056,Clear,Otra
1,2015-01-03 02:20:01,2015-01-03 02:36:30,3,4.9,-73.98931121826173,40.72636413574219,1,N,-73.95170593261719,40.676246643066406,1,17.5,0.5,0.5,3.75,0.0,0.0,22.55,989.0,-0.0008698805558433,Clear,Lower Manhattan
1,2015-01-17 02:24:49,2015-01-17 02:46:53,1,7.7,-73.96183776855469,40.76033401489258,5,N,-74.03453063964844,40.727088928222656,4,0.0,0.0,0.0,0.0,9.75,0.3,10.05,1324.0,-0.0005855624632232,Clear,Otra
1,2015-01-03 23:53:49,2015-01-04 00:04:09,2,1.2,-73.99852752685547,40.716995239257805,1,N,-73.9900131225586,40.71897888183594,1,8.0,0.5,0.5,2.25,0.0,0.0,11.55,620.0,-0.0012455866068056,Clear,Lower Manhattan
1,2015-01-29 20:05:33,2015-01-29 20:17:35,1,2.4,-73.98208618164062,40.77853775024414,1,N,-73.95314025878906,40.76782989501953,1,10.5,0.5,0.5,1.0,0.0,0.3,12.8,722.0,-0.0011237359956827,Clear,Otra
1,2015-01-17 16:13:17,2015-01-17 16:22:38,1,1.6,-73.9898681640625,40.74337005615234,1,N,-73.9758529663086,40.75777053833008,2,8.0,0.0,0.5,0.0,0.0,0.3,8.8,561.0,-0.0012049697364313,Clear,Midtown Manhattan
1,2015-01-05 08:34:14,2015-01-05 09:08:14,1,8.3,-73.99600219726561,40.686954498291016,1,N,-73.97107696533203,40.76228332519531,1,29.5,0.0,0.5,6.05,0.0,0.3,36.35,2040.0,-0.0005246371576618,Clear,Otra
1,2015-01-25 05:11:01,2015-01-25 05:14:00,1,1.2,-73.99094390869139,40.75071716308594,1,N,-73.99405670166014,40.73612976074219,2,5.5,0.5,0.5,0.0,0.0,0.3,6.8,179.0,-0.0012455866068056,Clear,Midtown Manhattan
2,2015-01-15 12:13:21,2015-01-15 12:23:51,5,1.2,-73.95462799072266,40.77351760864258,1,N,-73.9678955078125,40.76370620727539,2,8.0,0.0,0.5,0.0,0.0,0.3,8.8,630.0,-0.0012455866068056,Clear,Otra
1,2015-01-15 20:53:56,2015-01-15 21:08:00,2,1.8,-73.97576904296875,40.76310348510742,1,N,-73.99955749511719,40.76129531860352,1,11.0,0.5,0.5,2.0,0.0,0.3,14.3,844.0,-0.0011846613012441,Clear,Otra
2,2015-01-02 23:23:57,2015-01-02 23:28:20,1,1.46,-73.97167205810547,40.76251602172852,1,N,-73.95867919921875,40.77908706665039,2,6.5,0.5,0.5,0.0,0.0,0.3,7.8,263.0,-0.0012191856410623,Clear,Otra
2,2015-01-25 21:08:01,2015-01-25 21:12:31,1,0.92,-73.99681091308595,40.75271987915039,1,N,-73.98622131347656,40.74760055541992,2,5.5,0.5,0.5,0.0,0.0,0.3,6.8,270.0,-0.0012740184160676,Clear,Midtown Manhattan
1,2015-01-10 02:33:42,2015-01-10 02:34:00,1,0.0,-74.00806427001953,40.72014617919922,5,N,-74.008056640625,40.72013092041016,1,10.3,0.0,0.0,1.0,0.0,0.3,11.6,18.0,-0.0013674372179285,Clear,Lower Manhattan
2,2015-01-24 00:57:33,2015-01-24 01:03:30,1,1.24,-73.98896789550781,40.74367904663086,1,N,-73.98794555664062,40.75515365600586,2,6.5,0.5,0.5,0.0,0.0,0.3,7.8,357.0,-0.0012415249197681,Clear,Midtown Manhattan
1,2015-01-23 09:16:39,2015-01-23 09:22:56,1,0.8,0.0,0.0,1,N,0.0,0.0,1,6.0,0.0,0.5,1.35,0.0,0.3,8.15,377.0,-0.0012862034771799,Clear,Otra
1,2015-01-14 10:49:04,2015-01-14 11:01:32,1,2.0,0.0,0.0,1,N,0.0,0.0,1,10.5,0.0,0.5,2.82,0.0,0.3,14.12,748.0,-0.001164352866057,Clear,Otra
2,2015-01-28 10:26:41,2015-01-28 10:35:32,1,1.0,-74.0020751953125,40.719593048095696,1,N,-73.99496459960938,40.727725982666016,2,7.0,0.0,0.5,0.0,0.0,0.3,7.8,531.0,-0.0012658950419927,Clear,Lower Manhattan
1,2015-01-19 05:54:14,2015-01-19 05:57:59,1,1.2,0.0,0.0,1,N,0.0,0.0,2,6.0,0.5,0.5,0.0,0.0,0.3,7.3,225.0,-0.0012455866068056,Clear,Otra
1,2015-01-23 06:08:48,2015-01-23 06:14:30,1,1.6,-73.9906005859375,40.75633239746094,1,N,-73.96981811523438,40.762237548828125,1,7.0,0.0,0.5,1.95,0.0,0.3,9.75,342.0,-0.0012049697364313,Clear,Midtown Manhattan
2,2015-01-23 17:03:06,2015-01-23 17:14:09,1,1.98,-73.95179748535155,40.769508361816406,1,N,-73.97573852539062,40.776679992675774,2,10.0,1.0,0.5,0.0,0.0,0.3,11.8,663.0,-0.0011663837095757,Clear,Otra
2,2015-01-31 00:11:32,2015-01-31 00:14:56,1,0.54,-73.9925308227539,40.74365615844727,1,N,-73.98777770996092,40.74979019165039,1,4.5,0.5,0.5,1.16,0.0,0.3,6.96,204.0,-0.0013126044429231,Clear,Midtown Manhattan
2,2015-01-05 23:11:35,2015-01-05 23:32:17,1,5.8,-73.9704818725586,40.75594329833984,1,N,-73.90853118896483,40.74871826171875,2,20.0,0.5,0.5,0.0,0.0,0.3,21.3,1242.0,-0.0007784925975011,Clear,Otra
2,2015-01-13 10:19:58,2015-01-13 10:35:54,2,1.85,-73.96800231933594,40.76247787475586,1,N,-73.97245788574217,40.75396728515625,1,11.5,0.0,0.5,1.0,0.0,0.3,13.3,956.0,-0.0011795841924473,Clear,Otra
2,2015-01-18 12:40:39,2015-01-18 12:53:32,1,1.79,-73.98125457763672,40.74136352539063,1,N,-73.9781951904297,40.761417388916016,1,10.5,0.0,0.5,2.62,0.0,0.3,13.92,773.0,-0.0011856767230035,Clear,Midtown Manhattan
2,2015-01-31 13:05:04,2015-01-31 13:10:53,1,1.22,-73.96759033203125,40.760135650634766,1,N,-73.95574188232422,40.772762298583984,1,6.0,0.0,0.5,1.2,0.0,0.3,8.0,349.0,-0.0012435557632868,Clear,Otra
1,2015-01-14 07:34:16,2015-01-14 07:44:25,3,1.3,-73.97111511230467,40.76253128051758,1,N,-73.95785522460938,40.77944946289063,2,8.5,0.0,0.5,0.0,0.0,0.3,9.3,609.0,-0.001235432389212,Clear,Otra
2,2015-01-01 01:33:28,2015-01-01 02:08:06,1,4.95,-73.9999771118164,40.71778106689453,1,N,-73.98941802978516,40.772926330566406,1,24.0,0.5,0.5,2.5,0.0,0.3,27.8,2078.0,-0.0008648034470465,Clear,Lower Manhattan
2,2015-01-14 13:12:26,2015-01-14 13:29:32,5,4.11,-73.99996948242188,40.75283050537109,1,N,-74.01435852050781,40.70424270629882,1,16.0,0.0,0.5,4.8,0.0,0.3,21.6,1026.0,-0.0009500988748325,Clear,Midtown Manhattan
1,2015-01-31 11:16:20,2015-01-31 11:43:38,1,17.1,-73.9915313720703,40.74265670776367,2,N,-73.78327178955078,40.64385986328125,1,52.0,0.0,0.5,2.22,5.33,0.3,60.35,1638.0,0.0003689339905727,Clear,Midtown Manhattan
2,2015-01-21 13:44:44,2015-01-21 14:05:49,1,3.4,-73.95503234863281,40.7651252746582,1,N,-73.9391098022461,40.804702758789055,2,16.0,0.0,0.5,0.0,0.0,0.3,16.8,1265.0,-0.0010221938197469,Clear,Otra
2,2015-01-10 01:30:12,2015-01-10 01:32:11,1,0.55,-73.9916763305664,40.76382827758789,1,N,-73.98754119873048,40.76984786987305,2,3.5,0.5,0.5,0.0,0.0,0.3,4.8,119.0,-0.0013115890211638,Clear,Midtown Manhattan
1,2015-01-24 19:23:30,2015-01-24 19:28:35,3,0.7,-73.9947738647461,40.74039077758789,1,N,-73.99140930175781,40.749000549316406,2,5.0,0.0,0.5,0.0,0.0,0.3,5.8,305.0,-0.0012963576947734,Clear,Midtown Manhattan
1,2015-01-22 07:48:06,2015-01-22 08:11:58,1,4.8,-73.95282745361328,40.78009033203125,1,N,-73.98307037353516,40.73479843139648,1,19.5,0.0,0.5,4.06,0.0,0.3,24.36,1432.0,-0.0008800347734369,Clear,Otra
2,2015-01-01 22:56:06,2015-01-01 23:04:06,1,2.19,-73.95398712158203,40.7747459411621,1,N,-73.97533416748048,40.75215911865234,2,9.0,0.5,0.5,0.0,0.0,0.3,10.3,480.0,-0.0011450598526292,Clear,Otra
1,2015-01-16 17:46:35,2015-01-16 17:54:58,2,1.2,-73.99266815185547,40.73044967651367,1,N,-73.9947967529297,40.740081787109375,1,7.0,1.0,0.5,1.0,0.0,0.3,9.8,503.0,-0.0012455866068056,Clear,Otra
2,2015-01-04 18:44:54,2015-01-04 18:53:00,1,1.34,-73.98916625976561,40.757850646972656,1,N,-73.982177734375,40.77518844604492,1,7.5,0.0,0.5,1.88,0.0,0.3,10.18,486.0,-0.0012313707021746,Clear,Midtown Manhattan
2,2015-01-16 04:12:30,2015-01-16 04:17:56,5,1.67,-73.98450469970702,40.72482299804688,1,N,-73.97474670410156,40.74441146850586,2,7.0,0.5,0.5,0.0,0.0,0.3,8.3,326.0,-0.0011978617841158,Clear,Lower Manhattan
1,2015-01-23 17:59:59,2015-01-23 18:24:53,2,3.3,-74.00177764892578,40.73947525024414,1,N,-73.96207427978516,40.75926971435546,1,17.0,1.0,0.5,4.62,0.0,0.3,23.42,1494.0,-0.0010323480373405,Clear,Otra
2,2015-01-13 19:36:42,2015-01-13 19:43:13,2,0.92,-73.94670104980467,40.7805290222168,1,N,-73.95364379882812,40.77109146118164,2,6.5,1.0,0.5,0.0,0.0,0.3,8.3,391.0,-0.0012740184160676,Clear,Otra
2,2015-01-20 22:07:27,2015-01-20 22:20:25,1,1.71,-73.98683166503906,40.75830078125,1,N,-73.97904205322266,40.7412109375,1,10.0,0.5,0.5,2.1,0.0,0.3,13.4,778.0,-0.0011938000970783,Clear,Midtown Manhattan
2,2015-01-29 22:34:49,2015-01-29 22:43:55,1,1.73,-73.98306274414062,40.73501968383789,1,N,-74.00470733642578,40.73270034790039,1,8.5,0.5,0.5,1.0,0.0,0.3,10.8,546.0,-0.0011917692535596,Clear,Otra
1,2015-01-15 11:33:30,2015-01-15 11:41:54,1,1.3,-73.96986389160156,40.78555679321289,1,N,-73.98186492919923,40.77047729492188,1,7.5,0.0,0.5,2.05,0.0,0.3,10.35,504.0,-0.001235432389212,Clear,Otra
1,2015-01-16 08:17:16,2015-01-16 08:28:36,1,2.9,-73.96688079833984,40.79365158081056,1,N,-73.97416687011719,40.76290130615234,1,11.0,0.0,0.5,0.0,0.0,0.3,11.8,680.0,-0.0010729649077148,Clear,Otra
1,2015-01-02 23:20:12,2015-01-02 23:54:29,1,25.0,-73.79034423828125,40.64418029785156,1,Y,-74.00929260253906,40.6472282409668,2,66.0,0.5,0.5,0.0,0.0,0.0,67.3,2057.0,0.0011711171804651,Clouds,Otra
1,2015-01-17 12:42:34,2015-01-17 12:59:51,1,1.6,-74.00543212890625,40.736831665039055,1,N,-73.9893798828125,40.73896026611328,1,12.0,0.0,0.5,5.0,0.0,0.3,17.8,1037.0,-0.0012049697364313,Clear,Otra
1,2015-01-26 05:44:38,2015-01-26 05:55:48,1,3.8,0.0,0.0,1,N,0.0,0.0,1,12.5,0.5,0.5,2.75,0.0,0.3,16.55,670.0,-0.0009815769493726,Clear,Otra
1,2015-01-23 15:50:42,2015-01-23 16:03:39,1,1.7,-73.98406219482422,40.74445724487305,1,N,-73.96696472167967,40.76652145385742,1,10.0,0.0,0.5,3.24,0.0,0.3,14.04,777.0,-0.0011948155188377,Clear,Midtown Manhattan
2,2015-01-16 09:25:53,2015-01-16 09:43:05,1,2.44,-73.95407104492188,40.772926330566406,1,N,-73.982421875,40.76320266723633,1,13.0,0.0,0.5,1.0,0.0,0.3,14.8,1032.0,-0.0011196743086452,Clear,Otra
2,2015-01-16 12:03:15,2015-01-16 12:15:48,5,0.99,-73.9744415283203,40.75057601928711,1,N,-73.9744415283203,40.75057601928711,1,9.0,0.0,0.5,0.0,0.0,0.3,9.8,753.0,-0.0012669104637521,Clear,Otra
1,2015-01-12 16:26:49,2015-01-12 16:42:02,1,2.0,-73.95305633544923,40.782623291015625,1,N,-73.97142028808595,40.75746536254882,1,11.0,1.0,0.5,1.0,0.0,0.3,13.8,913.0,-0.001164352866057,Clear,Otra
1,2015-01-05 19:18:04,2015-01-05 19:21:17,1,0.8,-74.00527954101561,40.72883605957031,1,N,-74.00798797607422,40.71697998046875,2,5.0,1.0,0.5,0.0,0.0,0.3,6.8,193.0,-0.0012862034771799,Clear,Lower Manhattan
2,2015-01-02 08:23:47,2015-01-02 08:27:10,1,0.67,-73.98554992675781,40.773231506347656,1,N,-73.98750305175781,40.77043914794922,2,4.5,0.0,0.5,0.0,0.0,0.3,5.3,203.0,-0.0012994039600515,Clear,Otra
1,2015-01-14 18:56:41,2015-01-14 19:08:50,1,4.0,-74.00995635986328,40.72067260742188,1,N,-73.98954772949219,40.7686653137207,1,14.0,1.0,0.5,3.15,0.0,0.3,18.95,729.0,-0.0009612685141855,Clear,Lower Manhattan
1,2015-01-16 11:34:31,2015-01-16 11:43:49,1,1.4,-73.98804473876953,40.73811721801758,1,N,-74.0052261352539,40.72905731201172,1,8.0,0.0,0.5,1.75,0.0,0.3,10.55,558.0,-0.0012252781716184,Clear,Otra
1,2015-01-16 22:17:06,2015-01-16 22:20:05,2,0.4,-73.97586822509764,40.75201416015625,1,N,-73.97715759277344,40.74694061279297,2,4.0,0.5,0.5,0.0,0.0,0.3,5.3,179.0,-0.0013268203475542,Clear,Otra
2,2015-01-16 21:35:23,2015-01-16 21:49:22,1,2.39,-73.97111511230467,40.75539016723633,1,N,-73.98920440673827,40.726558685302734,1,11.0,0.5,0.5,2.3,0.0,0.3,14.6,839.0,-0.001124751417442,Clear,Otra
1,2015-01-17 17:54:16,2015-01-17 18:22:07,1,5.0,-73.99513244628906,40.74497222900391,1,N,-73.99706268310547,40.684429168701165,1,20.0,0.0,0.5,4.15,0.0,0.3,24.95,1671.0,-0.0008597263382497,Clear,Midtown Manhattan
1,2015-01-25 20:38:45,2015-01-25 20:45:58,1,1.0,-73.99349975585938,40.73332977294922,1,N,-74.00852966308595,40.73283767700195,1,6.5,0.5,0.5,1.0,0.0,0.3,8.8,433.0,-0.0012658950419927,Clear,Otra
1,2015-01-15 10:50:46,2015-01-15 10:55:55,1,1.0,-73.95592498779298,40.779632568359375,1,N,-73.9721450805664,40.78655624389648,1,6.0,0.0,0.5,1.5,0.0,0.3,8.3,309.0,-0.0012658950419927,Clear,Otra
2,2015-01-11 12:07:01,2015-01-11 12:14:55,2,1.25,-73.99549865722656,40.74308013916016,1,N,-73.97615051269531,40.73508834838867,1,7.0,0.0,0.5,1.75,0.0,0.3,9.55,474.0,-0.0012405094980088,Clear,Midtown Manhattan
2,2015-01-10 18:18:58,2015-01-10 18:28:49,1,2.26,-73.96798706054686,40.80241775512695,1,N,-73.9593505859375,40.78280258178711,1,10.0,0.0,0.5,1.5,0.0,0.3,12.3,591.0,-0.0011379519003137,Clear,Otra
2,2015-01-03 23:31:38,2015-01-03 23:38:02,6,1.42,-73.99327850341797,40.747188568115234,1,N,-74.00762176513672,40.752349853515625,2,7.0,0.5,0.5,0.0,0.0,0.3,8.3,384.0,-0.0012232473280997,Clear,Midtown Manhattan
2,2015-01-07 15:38:52,2015-01-07 15:43:33,2,1.06,-73.96483612060547,40.76011657714844,1,N,-73.97570037841797,40.7519760131836,1,5.5,0.0,0.5,1.1,0.0,0.3,7.4,281.0,-0.0012598025114366,Clear,Otra
1,2015-01-31 04:27:19,2015-01-31 04:41:03,1,2.7,-73.98444366455078,40.7427215576172,1,N,-73.95719146728516,40.77014923095703,1,12.0,0.5,0.5,1.5,0.0,0.3,14.8,824.0,-0.0010932733429019,Clear,Midtown Manhattan
1,2015-01-04 19:22:28,2015-01-04 19:31:37,1,2.2,-74.00511932373048,40.72001266479492,1,N,-73.990478515625,40.74867630004882,2,9.0,0.0,0.5,0.0,0.0,0.0,9.8,549.0,-0.0011440444308698,Clear,Lower Manhattan
1,2015-01-30 11:53:14,2015-01-30 12:04:54,1,1.1,-73.95661926269531,40.77134704589844,1,N,-73.96968078613281,40.76320266723633,2,8.5,0.0,0.5,0.0,0.0,0.3,9.3,700.0,-0.0012557408243991,Clear,Otra
2,2015-01-25 19:08:13,2015-01-25 19:45:06,2,19.1,-73.78177642822266,40.644813537597656,2,N,-73.96121215820312,40.80195999145508,1,52.0,0.0,0.5,10.87,5.33,0.3,69.0,2213.0,0.0005720183424442,Clouds,Otra
1,2015-01-02 14:37:46,2015-01-02 14:52:22,1,5.0,-73.8709716796875,40.773731231689446,1,N,-73.92028045654298,40.7403450012207,2,16.0,0.0,0.5,0.0,0.0,0.0,16.8,876.0,-0.0008597263382497,Clouds,Queens
1,2015-01-12 13:46:54,2015-01-12 13:52:12,1,0.8,-73.95714569091797,40.780323028564446,1,N,-73.96427154541014,40.77005386352539,1,5.5,0.0,0.5,1.25,0.0,0.3,7.55,318.0,-0.0012862034771799,Clear,Otra
1,2015-01-05 22:40:21,2015-01-05 22:42:36,1,0.6,-73.97299194335938,40.78533554077149,1,N,-73.98065948486328,40.78252410888672,2,4.0,0.5,0.5,0.0,0.0,0.3,5.3,135.0,-0.001306511912367,Clear,Otra
1,2015-01-06 13:15:50,2015-01-06 13:39:02,1,2.8,-73.97340393066406,40.75349044799805,1,N,-73.97457885742188,40.782936096191406,1,15.5,0.0,0.5,4.07,0.0,0.3,20.37,1392.0,-0.0010831191253084,Clear,Otra
1,2015-01-21 14:09:06,2015-01-21 14:33:43,1,3.2,-73.99826049804686,40.7259178161621,1,N,-73.97386169433594,40.76277923583984,2,17.0,0.0,0.5,0.0,0.0,0.3,17.8,1477.0,-0.0010425022549341,Clear,Lower Manhattan
1,2015-01-19 11:01:31,2015-01-19 11:17:03,3,3.9,-74.00316619873048,40.723499298095696,1,N,-73.9959259033203,40.76915740966797,1,15.0,0.0,0.5,3.16,0.0,0.3,18.96,932.0,-0.000971422731779,Clear,Lower Manhattan
2,2015-01-17 01:04:10,2015-01-17 01:07:45,1,0.93,-73.98453521728516,40.75415802001953,1,N,-73.976318359375,40.76577377319336,1,5.0,0.5,0.5,1.1,0.0,0.3,7.4,215.0,-0.0012730029943082,Clear,Midtown Manhattan
2,2015-01-28 12:14:30,2015-01-28 12:22:09,2,1.47,-73.95943450927734,40.77700805664063,1,N,-73.97037506103516,40.789905548095696,1,7.5,0.0,0.5,1.5,0.0,0.3,9.8,459.0,-0.0012181702193029,Clear,Otra
2,2015-01-21 18:06:51,2015-01-21 18:16:23,1,1.26,-73.95976257324217,40.75876235961913,1,N,-73.96540832519531,40.77101516723633,1,8.0,1.0,0.5,1.0,0.0,0.3,10.8,572.0,-0.0012394940762494,Clear,Otra
2,2015-01-10 22:11:20,2015-01-10 22:21:14,1,2.48,-74.01600646972656,40.70663070678711,1,N,-74.006103515625,40.73984146118164,1,10.5,0.5,0.5,1.5,0.0,0.3,13.3,594.0,-0.0011156126216078,Clear,Otra
1,2015-01-14 15:21:55,2015-01-14 15:38:38,1,2.2,-73.9783477783203,40.759883880615234,1,N,0.0,0.0,2,12.0,0.0,0.5,0.0,0.0,0.3,12.8,1003.0,-0.0011440444308698,Clear,Otra
2,2015-01-29 22:34:26,2015-01-29 22:47:46,1,4.36,-74.0001449584961,40.71796798706056,5,N,-74.0296630859375,40.75089263916016,1,45.0,0.0,0.5,14.39,11.75,0.3,71.94,800.0,-0.0009247133308486,Clear,Lower Manhattan
1,2015-01-24 19:54:31,2015-01-24 19:57:42,1,1.0,-73.9580535888672,40.77316284179688,1,N,-73.95173645019531,40.78628158569336,1,5.0,0.0,0.5,1.16,0.0,0.3,6.96,191.0,-0.0012658950419927,Clear,Otra
2,2015-01-03 09:42:17,2015-01-03 09:47:16,1,1.23,-73.98867797851561,40.72259521484375,1,N,-73.978515625,40.737003326416016,2,6.0,0.0,0.5,0.0,0.0,0.3,6.8,299.0,-0.0012425403415275,Clear,Lower Manhattan
2,2015-01-08 10:19:30,2015-01-08 10:29:12,1,4.4,-73.9870834350586,40.73648071289063,1,N,-74.01211547851561,40.70157241821289,1,14.0,0.0,0.5,2.8,0.0,0.3,17.6,582.0,-0.0009206516438112,Clear,Otra
1,2015-01-01 02:01:26,2015-01-01 02:09:31,1,2.0,-73.95606231689453,40.77604675292969,1,N,-73.9747543334961,40.75603866577149,1,8.5,0.5,0.5,1.2,0.0,0.0,11.0,485.0,-0.001164352866057,Clear,Otra
2,2015-01-24 10:23:56,2015-01-24 10:32:52,1,1.52,-73.99103546142578,40.75063705444336,1,N,-73.98783111572266,40.734962463378906,2,8.0,0.0,0.5,0.0,0.0,0.3,8.8,536.0,-0.0012130931105061,Clear,Midtown Manhattan
1,2015-01-09 19:59:15,2015-01-09 20:18:37,1,5.5,-73.95029449462889,40.78368377685546,1,N,-73.99777221679686,40.74157333374024,2,19.5,0.5,0.5,0.0,0.0,0.3,20.8,1162.0,-0.0008089552502818,Clear,Otra
2,2015-01-10 11:28:49,2015-01-10 11:38:41,1,1.75,-73.98151397705078,40.77115249633789,1,N,-73.98065185546875,40.75357818603516,1,9.0,0.0,0.5,1.0,0.0,0.3,10.8,592.0,-0.0011897384100409,Clear,Otra
2,2015-01-16 19:44:44,2015-01-16 19:48:37,1,0.64,-73.99629974365233,40.74833297729492,1,N,-73.99207305908203,40.74250793457031,2,5.0,1.0,0.5,0.0,0.0,0.3,6.8,233.0,-0.0013024502253296,Clear,Midtown Manhattan
1,2015-01-24 02:01:20,2015-01-24 02:15:16,2,3.7,-73.9797134399414,40.727142333984375,1,N,-73.95223236083984,40.773197174072266,1,13.0,0.5,0.5,2.85,0.0,0.3,17.15,836.0,-0.0009917311669662,Clear,Lower Manhattan
1,2015-01-10 01:54:59,2015-01-10 01:59:55,2,0.8,-73.9822998046875,40.72761917114258,1,N,-73.97642517089844,40.73345947265625,1,5.5,0.5,0.5,1.36,0.0,0.3,8.16,296.0,-0.0012862034771799,Clear,Lower Manhattan
2,2015-01-10 18:33:43,2015-01-10 18:38:00,2,0.78,-73.96489715576173,40.769390106201165,1,N,-73.95667266845702,40.77653884887695,1,5.5,0.0,0.5,2.0,0.0,0.3,8.3,257.0,-0.0012882343206986,Clear,Otra
2,2015-01-26 14:10:33,2015-01-26 14:41:18,1,4.06,-73.99015045166014,40.75709533691406,1,N,-73.95684814453125,40.80487823486328,2,19.5,0.0,0.5,0.0,0.0,0.3,20.3,1845.0,-0.0009551759836293,Clear,Midtown Manhattan
1,2015-01-15 08:37:20,2015-01-15 08:41:12,1,0.7,-73.98284912109375,40.73926162719727,1,N,-73.96504211425781,40.75556182861328,2,5.0,0.0,0.5,0.0,0.0,0.3,5.8,232.0,-0.0012963576947734,Clear,Otra
2,2015-01-24 20:47:17,2015-01-24 21:02:35,6,6.39,-74.00486755371092,40.707149505615234,1,N,-73.94766998291014,40.77286911010742,1,20.0,0.5,0.5,4.26,0.0,0.3,25.56,918.0,-0.000718582713699,Clear,Lower Manhattan
1,2015-01-10 12:23:47,2015-01-10 12:25:23,1,0.4,-74.00664520263672,40.71636962890625,1,N,-74.01118469238281,40.71366882324219,1,3.5,0.0,0.5,0.85,0.0,0.3,5.15,96.0,-0.0013268203475542,Clear,Lower Manhattan
2,2015-01-02 10:11:21,2015-01-02 10:15:50,5,0.8,-73.9822769165039,40.77156829833984,1,N,-73.97959136962889,40.76283645629882,1,5.0,0.0,0.5,1.5,0.0,0.3,7.3,269.0,-0.0012862034771799,Clear,Otra
2,2015-01-12 07:52:31,2015-01-12 08:00:22,1,0.75,-73.96067810058595,40.76410675048828,1,N,-73.95199584960938,40.76925277709961,1,6.5,0.0,0.5,1.3,0.0,0.3,8.6,471.0,-0.0012912805859766,Clear,Otra
1,2015-01-23 08:49:42,2015-01-23 09:02:59,1,2.5,-73.99191284179686,40.75435256958008,1,N,-73.9832534790039,40.73036193847656,2,11.0,0.0,0.5,0.0,0.0,0.3,11.8,797.0,-0.0011135817780891,Clear,Midtown Manhattan
2,2015-01-15 12:13:03,2015-01-15 12:26:09,1,1.56,-73.98193359375,40.73101043701172,1,N,-74.00479125976561,40.740760803222656,1,10.0,0.0,0.5,2.0,0.0,0.3,12.8,786.0,-0.0012090314234687,Clear,Otra
2,2015-01-29 21:41:15,2015-01-29 21:42:45,1,0.27,-73.98226165771484,40.73162078857422,1,N,-73.979736328125,40.735111236572266,1,3.5,0.5,0.5,0.8,0.0,0.3,5.6,90.0,-0.0013400208304258,Clear,Otra
2,2015-01-22 20:57:12,2015-01-22 21:13:09,1,2.83,-73.98329162597656,40.75548553466797,1,N,-73.95390319824217,40.78193283081056,1,13.0,0.5,0.5,2.86,0.0,0.3,17.16,957.0,-0.0010800728600303,Clear,Midtown Manhattan
2,2015-01-23 19:52:27,2015-01-23 19:59:19,1,0.92,-73.95803070068358,40.77634048461913,1,N,-73.9637680053711,40.76525115966797,1,6.5,1.0,0.5,1.0,0.0,0.3,9.3,412.0,-0.0012740184160676,Clear,Otra
2,2015-01-11 16:22:17,2015-01-11 16:53:27,1,11.86,-73.78865051269531,40.64742660522461,1,N,-73.95951080322266,40.69084548950195,1,36.0,0.0,0.5,6.0,0.0,0.3,42.8,1870.0,-0.0001631470113305,Clouds,Otra
2,2015-01-24 00:11:18,2015-01-24 00:18:54,1,1.11,-73.99636840820312,40.73234176635742,1,N,-73.99922180175781,40.72010040283203,1,6.5,0.5,0.5,1.56,0.0,0.3,9.36,456.0,-0.0012547254026398,Clear,Otra
1,2015-01-20 12:24:02,2015-01-20 12:31:49,1,1.0,-73.98619079589844,40.75210952758789,1,N,-73.97229766845702,40.75410842895508,1,7.0,0.0,0.5,1.55,0.0,0.3,9.35,467.0,-0.0012658950419927,Clear,Midtown Manhattan
2,2015-01-19 11:48:14,2015-01-19 11:55:19,5,1.53,-73.98046112060547,40.74245834350586,1,N,-73.97351837158203,40.75968170166016,1,7.5,0.0,0.5,1.5,0.0,0.3,9.8,425.0,-0.0012120776887468,Clear,Midtown Manhattan
2,2015-01-02 09:09:19,2015-01-02 09:28:22,1,11.68,-73.8748550415039,40.77406311035156,1,N,-73.98076629638672,40.74178314208984,1,32.0,0.0,0.5,7.47,5.33,0.3,45.6,1143.0,-0.0001814246029989,Clouds,Queens
2,2015-01-01 21:18:35,2015-01-01 21:34:53,1,4.03,-73.97872924804686,40.72975540161133,1,N,-73.99181365966798,40.76817321777344,1,15.0,0.5,0.5,1.0,0.0,0.3,17.3,978.0,-0.0009582222489074,Clear,Lower Manhattan
2,2015-01-10 23:14:19,2015-01-10 23:28:57,1,4.35,-74.00154876708984,40.727684020996094,1,N,-73.94880676269531,40.7259635925293,1,15.5,0.5,0.5,2.0,0.0,0.3,18.8,878.0,-0.000925728752608,Clear,Lower Manhattan
1,2015-01-22 14:19:55,2015-01-22 14:32:47,1,1.2,-73.96908569335938,40.76131820678711,1,N,-73.9773178100586,40.75558090209961,1,9.0,0.0,0.5,2.0,0.0,0.3,11.8,772.0,-0.0012455866068056,Clear,Otra
1,2015-01-01 00:48:53,2015-01-01 00:50:20,1,0.3,-73.99879455566406,40.74217224121094,1,N,-73.998046875,40.74592971801758,2,3.5,0.5,0.5,0.0,0.0,0.0,4.8,87.0,-0.0013369745651477,Clear,Midtown Manhattan
1,2015-01-28 14:49:44,2015-01-28 15:01:24,1,1.4,-73.9631118774414,40.777881622314446,1,N,-73.97115325927734,40.79022979736328,2,9.0,0.0,0.5,0.0,0.0,0.3,9.8,700.0,-0.0012252781716184,Clear,Otra
1,2015-01-19 14:59:20,2015-01-19 15:09:31,1,1.7,-73.98388671875,40.721641540527344,1,N,-73.9970703125,40.73719024658203,2,9.0,0.0,0.5,0.0,0.0,0.3,9.8,611.0,-0.0011948155188377,Clear,Lower Manhattan
2,2015-01-21 18:19:22,2015-01-21 19:11:46,6,17.46,-74.00916290283203,40.72985076904297,2,N,-73.79048919677734,40.6439208984375,1,52.0,0.0,0.5,8.0,0.0,0.3,60.8,3144.0,0.0004054891739096,Clear,Lower Manhattan
1,2015-01-07 16:40:14,2015-01-07 16:45:14,1,0.7,0.0,0.0,1,N,0.0,0.0,1,5.5,1.0,0.5,1.45,0.0,0.3,8.75,300.0,-0.0012963576947734,Clear,Otra
2,2015-01-07 19:12:46,2015-01-07 19:41:18,1,9.46,-73.86275482177734,40.76940155029297,1,N,-73.98614501953125,40.74681854248047,1,31.0,1.0,0.5,9.33,5.33,0.3,47.46,1712.0,-0.0004068482335763,Clouds,Queens
2,2015-01-26 11:44:23,2015-01-26 11:57:14,1,1.53,-74.01483154296875,40.71599960327149,1,N,-73.99639129638672,40.72380828857422,1,9.5,0.0,0.5,2.06,0.0,0.3,12.36,771.0,-0.0012120776887468,Clear,Otra
1,2015-01-14 15:40:23,2015-01-14 15:59:26,1,2.4,-73.94380187988281,40.776615142822266,1,N,-73.9710235595703,40.760520935058594,1,13.5,0.0,0.5,2.8,0.0,0.3,17.1,1143.0,-0.0011237359956827,Clear,Otra
1,2015-01-05 16:58:46,2015-01-05 17:07:15,2,1.3,-73.93730926513672,40.7975959777832,1,N,-73.94525909423827,40.80788040161133,1,7.5,1.0,0.5,0.0,0.0,0.3,9.3,509.0,-0.001235432389212,Clear,Otra
2,2015-01-26 10:31:49,2015-01-26 11:03:40,1,7.48,-74.0011215209961,40.7164306640625,1,N,-73.96430969238281,40.80232238769531,1,27.5,0.0,0.5,2.0,0.0,0.3,30.3,1911.0,-0.0006079017419291,Clear,Lower Manhattan
1,2015-01-23 18:44:20,2015-01-23 19:02:03,1,2.2,-73.97543334960938,40.76102828979492,1,N,-73.99044799804686,40.7346076965332,1,12.0,1.0,0.5,2.76,0.0,0.3,16.56,1063.0,-0.0011440444308698,Clear,Otra
2,2015-01-14 15:24:15,2015-01-14 15:27:04,1,0.26,-73.9642105102539,40.76773834228516,1,N,-73.9669418334961,40.76491928100586,1,4.0,0.0,0.5,1.0,0.0,0.3,5.8,169.0,-0.0013410362521852,Clear,Otra
1,2015-01-12 13:50:54,2015-01-12 14:03:14,1,2.3,-73.98997497558594,40.74063491821289,1,N,-73.96585083007811,40.7542381286621,1,10.5,0.0,0.5,2.26,0.0,0.3,13.56,740.0,-0.0011338902132762,Clear,Midtown Manhattan
1,2015-01-07 09:39:31,2015-01-07 09:54:15,1,3.1,-74.01033020019531,40.72041702270508,1,N,-73.9901351928711,40.74637985229492,1,13.5,0.0,0.5,1.0,0.0,0.3,15.3,884.0,-0.0010526564725276,Clear,Otra
2,2015-01-27 20:53:26,2015-01-27 20:58:59,1,0.84,-73.92023468017578,40.73567962646485,1,N,-73.91551208496092,40.74324035644531,2,5.5,0.5,0.5,0.0,0.0,0.3,6.8,333.0,-0.0012821417901424,Clouds,Otra
2,2015-01-05 09:29:54,2015-01-05 09:46:31,1,2.07,-73.96283721923827,40.76148986816406,1,N,-73.98986053466798,40.757190704345696,2,11.5,0.0,0.5,0.0,0.0,0.3,12.3,997.0,-0.0011572449137415,Clear,Otra
2,2015-01-03 12:33:34,2015-01-03 12:46:45,3,4.84,-73.96192169189453,40.7652702331543,1,N,-73.9890899658203,40.71896362304688,1,16.0,0.0,0.5,2.0,0.0,0.3,18.8,791.0,-0.0008759730863994,Clear,Otra
2,2015-01-13 22:55:39,2015-01-13 23:27:51,1,21.14,-73.78913116455078,40.644676208496094,1,N,-74.00062561035155,40.6772918701172,1,57.0,0.5,0.5,14.38,0.0,0.3,72.68,1932.0,0.0007791643813531,Clouds,Otra
1,2015-01-04 11:34:50,2015-01-04 11:42:08,2,1.4,-73.98368835449217,40.76806640625,1,N,-73.9908447265625,40.7507209777832,1,7.0,0.0,0.5,2.3,0.0,0.0,10.1,438.0,-0.0012252781716184,Clear,Midtown Manhattan
2,2015-01-18 11:27:55,2015-01-18 11:31:43,1,0.9,-73.96710968017578,40.76364135742188,1,N,-73.97452545166014,40.75284957885742,2,5.0,0.0,0.5,0.0,0.0,0.3,5.8,228.0,-0.0012760492595863,Clear,Otra
1,2015-01-20 16:20:04,2015-01-20 16:23:57,1,0.6,-73.94551086425781,40.77836227416992,1,N,-73.95520782470702,40.7794075012207,2,4.5,1.0,0.5,0.0,0.0,0.3,6.3,233.0,-0.001306511912367,Clear,Otra
2,2015-01-21 09:18:47,2015-01-21 09:26:18,4,1.79,-73.98763275146483,40.74438095092773,1,N,-73.99864196777344,40.72333908081056,1,7.5,0.0,0.5,1.66,0.0,0.3,9.96,451.0,-0.0011856767230035,Clear,Midtown Manhattan
2,2015-01-22 09:08:04,2015-01-22 09:24:14,3,2.11,-73.97319030761719,40.74869155883789,1,N,-73.99387359619139,40.728191375732415,1,12.0,0.0,0.5,1.9,0.0,0.3,14.7,970.0,-0.001153183226704,Clear,Otra
1,2015-01-14 08:39:12,2015-01-14 08:58:43,1,2.6,-73.9740982055664,40.79193878173828,1,N,-73.96342468261719,40.7690544128418,1,14.0,0.0,0.5,1.5,0.0,0.3,16.3,1171.0,-0.0011034275604955,Clear,Otra
1,2015-01-02 11:17:09,2015-01-02 11:25:54,4,2.1,-73.97650909423827,40.748291015625,1,N,-73.95629119873048,40.775638580322266,1,9.0,0.0,0.5,1.95,0.0,0.0,11.75,525.0,-0.0011541986484634,Clear,Otra
1,2015-01-25 10:13:07,2015-01-25 10:13:59,2,0.1,-73.99752044677734,40.73624420166016,2,N,-73.99651336669923,40.73773193359375,2,52.0,0.0,0.5,0.0,0.0,0.3,52.8,52.0,-0.0013572830003349,Clear,Otra
1,2015-01-09 20:06:51,2015-01-09 20:11:19,1,0.3,-73.98690032958984,40.71818542480469,1,N,-73.99034118652342,40.7215690612793,1,4.5,0.5,0.5,1.2,0.0,0.3,7.0,268.0,-0.0013369745651477,Clear,Lower Manhattan
1,2015-01-07 11:16:15,2015-01-07 11:19:14,1,0.6,-73.99443817138672,40.750686645507805,1,N,-74.00038146972656,40.747955322265625,1,4.5,0.0,0.5,1.06,0.0,0.3,6.36,179.0,-0.001306511912367,Clear,Midtown Manhattan
1,2015-01-25 14:00:28,2015-01-25 14:30:49,1,2.7,-73.9866485595703,40.77674102783203,1,N,-73.99526977539062,40.7497444152832,2,19.0,0.0,0.5,0.0,0.0,0.3,19.8,1821.0,-0.0010932733429019,Clear,Otra
2,2015-01-29 19:44:16,2015-01-29 19:53:12,1,1.9,-74.00125122070312,40.72768020629882,1,N,-73.99137115478516,40.750354766845696,1,8.5,1.0,0.5,2.06,0.0,0.3,12.36,536.0,-0.0011745070836505,Clear,Lower Manhattan
1,2015-01-31 11:58:05,2015-01-31 12:03:03,1,1.0,-73.98104858398438,40.747928619384766,1,N,-73.97956848144531,40.75853729248047,1,5.5,0.0,0.5,1.26,0.0,0.3,7.56,298.0,-0.0012658950419927,Clear,Midtown Manhattan
2,2015-01-03 13:38:17,2015-01-03 13:43:00,2,0.88,-74.002685546875,40.72182083129882,1,N,-73.99349212646483,40.72737503051758,1,5.0,0.0,0.5,1.0,0.0,0.3,6.8,283.0,-0.001278080103105,Clear,Lower Manhattan
2,2015-01-08 17:43:47,2015-01-08 17:52:21,1,1.67,-73.98473358154298,40.74281311035156,1,N,-74.00137329101561,40.727806091308594,1,8.0,1.0,0.5,1.0,0.0,0.3,10.8,514.0,-0.0011978617841158,Clear,Midtown Manhattan
2,2015-01-29 12:15:32,2015-01-29 12:28:39,2,1.49,-73.97830200195312,40.751949310302734,1,N,-73.98285675048828,40.766693115234375,2,10.0,0.0,0.5,0.0,0.0,0.3,10.8,787.0,-0.0012161393757842,Clear,Otra
2,2015-01-31 03:57:34,2015-01-31 04:25:47,1,16.76,-73.9831771850586,40.7558708190918,3,N,-74.18302154541014,40.68790817260742,1,63.0,0.5,0.0,14.71,9.75,0.3,88.26,1693.0,0.0003344096507546,Clear,Midtown Manhattan
2,2015-01-09 21:29:21,2015-01-09 21:37:38,2,0.87,-73.98287200927734,40.74496841430664,1,N,-73.99117279052734,40.74878692626953,1,7.0,0.5,0.5,0.0,0.0,0.3,8.3,497.0,-0.0012790955248644,Clear,Midtown Manhattan
1,2015-01-11 10:23:06,2015-01-11 10:26:45,2,0.6,-73.95962524414062,40.774017333984375,1,N,-73.96092987060547,40.76678085327149,2,4.5,0.0,0.5,0.0,0.0,0.3,5.3,219.0,-0.001306511912367,Clear,Otra
2,2015-01-02 19:41:01,2015-01-02 19:46:04,1,0.5,-73.98027038574217,40.76526641845703,1,N,-73.98457336425781,40.760833740234375,1,5.0,1.0,0.5,1.5,0.0,0.3,8.3,303.0,-0.0013166661299606,Clear,Midtown Manhattan
2,2015-01-16 20:42:53,2015-01-16 21:02:52,6,4.28,-73.99081420898438,40.7281379699707,1,N,-73.95907592773438,40.78107833862305,1,17.0,0.5,0.5,3.5,0.0,0.3,21.8,1199.0,-0.0009328367049235,Clear,Lower Manhattan
1,2015-01-30 20:41:39,2015-01-30 20:45:51,4,0.7,-74.00311279296875,40.73299789428711,1,N,-74.00469970703125,40.72273254394531,2,5.0,0.5,0.5,0.0,0.0,0.3,6.3,252.0,-0.0012963576947734,Clear,Otra
2,2015-01-09 00:45:45,2015-01-09 00:57:27,1,4.54,-74.00367736816406,40.75075912475586,1,N,-73.96782684326173,40.801921844482415,1,15.0,0.5,0.5,2.0,0.0,0.3,18.3,702.0,-0.0009064357391802,Clear,Midtown Manhattan
1,2015-01-15 09:49:55,2015-01-15 10:04:43,1,2.8,-73.9616928100586,40.75569152832031,1,N,-73.95558929443358,40.78707885742188,1,12.0,0.0,0.5,2.56,0.0,0.3,15.36,888.0,-0.0010831191253084,Clear,Otra
1,2015-01-17 21:35:11,2015-01-17 21:42:03,1,1.4,0.0,0.0,1,N,0.0,0.0,1,7.5,0.5,0.5,2.2,0.0,0.3,11.0,412.0,-0.0012252781716184,Clear,Otra
1,2015-01-15 06:50:13,2015-01-15 07:37:27,1,17.9,-73.98259735107422,40.771583557128906,2,Y,-73.78202056884764,40.648635864257805,1,52.0,0.0,0.5,10.56,0.0,0.3,63.36,2834.0,0.0004501677313213,Clear,Otra
2,2015-01-12 06:54:28,2015-01-12 07:02:47,2,1.53,-73.96736145019531,40.75651931762695,1,N,-73.97367858886719,40.73876190185546,2,7.5,0.0,0.5,0.0,0.0,0.3,8.3,499.0,-0.0012120776887468,Clear,Otra
2,2015-01-20 10:06:51,2015-01-20 10:18:25,1,1.37,-74.00145721435547,40.724891662597656,1,N,-73.9925079345703,40.74324417114258,1,9.0,0.0,0.5,1.0,0.0,0.3,10.8,694.0,-0.0012283244368965,Clear,Lower Manhattan
2,2015-01-31 19:29:30,2015-01-31 19:45:46,1,2.41,-73.97882080078125,40.7878303527832,1,N,-73.98880767822266,40.76008224487305,1,12.5,0.0,0.5,1.0,0.0,0.3,14.3,976.0,-0.0011227205739233,Clear,Otra
2,2015-01-12 17:02:29,2015-01-12 17:07:52,2,0.71,-73.98899078369139,40.73822021484375,1,N,-73.99923706054686,40.7392807006836,1,5.5,1.0,0.5,1.3,0.0,0.3,8.6,323.0,-0.0012953422730141,Clear,Otra
1,2015-01-22 07:39:51,2015-01-22 07:53:56,1,2.3,-73.98995208740233,40.76213455200195,1,N,-73.9894790649414,40.73771286010742,1,11.5,0.0,0.5,1.7,0.0,0.3,14.0,845.0,-0.0011338902132762,Clear,Midtown Manhattan
2,2015-01-05 16:17:02,2015-01-05 17:07:30,2,16.82,-73.78128051757811,40.6449089050293,2,N,-73.97627258300781,40.74483108520508,1,52.0,0.0,0.5,11.47,5.33,0.3,69.6,3028.0,0.0003405021813107,Clouds,Otra
1,2015-01-09 21:01:00,2015-01-09 21:04:36,1,0.5,-73.9971923828125,40.72210693359375,1,N,-73.99224090576173,40.7273826599121,1,4.5,0.5,0.5,1.16,0.0,0.3,6.96,216.0,-0.0013166661299606,Clear,Lower Manhattan
1,2015-01-05 09:26:59,2015-01-05 10:07:34,1,3.7,-73.99091339111328,40.7683982849121,1,N,-73.9534912109375,40.78829193115234,2,25.5,0.0,0.5,0.0,0.0,0.3,26.3,2435.0,-0.0009917311669662,Clear,Midtown Manhattan
1,2015-01-11 16:30:49,2015-01-11 16:51:10,1,7.7,-73.88530731201173,40.77302932739258,1,N,-73.98411560058595,40.75087356567384,2,25.0,0.0,0.5,0.0,5.33,0.3,31.13,1221.0,-0.0005855624632232,Clouds,Queens
1,2015-01-08 06:52:25,2015-01-08 07:00:23,1,1.1,-73.93124389648438,40.76578140258789,1,N,-73.92912292480467,40.75470352172852,1,7.5,0.0,0.5,2.49,0.0,0.3,10.79,478.0,-0.0012557408243991,Clear,Otra
1,2015-01-10 19:12:27,2015-01-10 19:30:41,1,3.4,-73.97042083740233,40.78890228271485,1,N,-74.00218200683594,40.74509811401367,1,14.5,0.0,0.5,3.0,0.0,0.3,18.3,1094.0,-0.0010221938197469,Clear,Otra
2,2015-01-07 14:09:21,2015-01-07 14:14:03,5,0.72,-73.97532653808595,40.78534698486328,1,N,-73.98180389404298,40.77893829345703,2,5.0,0.0,0.5,0.0,0.0,0.3,5.8,282.0,-0.0012943268512547,Clear,Otra
1,2015-01-02 19:24:38,2015-01-02 19:29:12,2,0.5,-73.95461273193358,40.7781982421875,1,N,-73.95345306396483,40.78358459472656,2,5.0,1.0,0.5,0.0,0.0,0.0,6.8,274.0,-0.0013166661299606,Clear,Otra
1,2015-01-18 11:38:01,2015-01-18 11:45:23,1,1.3,0.0,0.0,1,N,0.0,0.0,2,7.0,0.0,0.5,0.0,0.0,0.3,7.8,442.0,-0.001235432389212,Clear,Otra
1,2015-01-01 23:14:59,2015-01-01 23:26:57,1,3.5,-73.95899200439453,40.774810791015625,1,N,-73.99623107910156,40.73957443237305,1,12.7,0.5,0.5,2.8,0.0,0.0,16.8,718.0,-0.0010120396021533,Clear,Otra
2,2015-01-18 01:26:42,2015-01-18 01:36:24,2,1.01,-73.98758697509764,40.721710205078125,1,N,-74.00206756591797,40.72045516967773,1,7.5,0.5,0.5,1.6,0.0,0.3,10.4,582.0,-0.0012648796202333,Clear,Lower Manhattan
1,2015-01-28 06:24:00,2015-01-28 06:30:09,1,1.9,-73.95597076416014,40.7763786315918,1,N,-73.973388671875,40.75526809692384,2,7.5,0.0,0.5,0.0,0.0,0.3,8.3,369.0,-0.0011745070836505,Clear,Otra
1,2015-01-15 18:54:43,2015-01-15 19:08:00,1,3.8,-73.98928070068358,40.76750564575195,1,N,-74.01029968261719,40.7236213684082,1,14.0,1.0,0.5,3.16,0.0,0.3,18.96,797.0,-0.0009815769493726,Clear,Midtown Manhattan
2,2015-01-15 16:03:38,2015-01-15 17:47:22,3,22.37,-74.01608276367188,40.714820861816406,2,N,-73.77635955810547,40.645450592041016,1,52.0,0.0,0.5,7.0,5.33,0.3,65.13,6224.0,0.0009040612577541,Clear,Otra
2,2015-01-15 18:54:27,2015-01-15 19:01:02,1,0.82,-74.01354217529298,40.71652603149414,1,N,-74.01734924316406,40.70939636230469,1,6.0,1.0,0.5,1.5,0.0,0.3,9.3,395.0,-0.0012841726336611,Clear,Otra
2,2015-01-28 19:36:53,2015-01-28 19:51:23,1,2.37,-74.00644683837889,40.74456405639648,1,N,-73.97380065917967,40.74332046508789,1,11.5,1.0,0.5,2.66,0.0,0.3,15.96,870.0,-0.0011267822609607,Clear,Midtown Manhattan
2,2015-01-10 11:55:06,2015-01-10 12:02:26,3,0.67,-74.01416015625,40.71718978881836,1,N,-74.00592803955078,40.71500396728516,1,6.0,0.0,0.5,1.2,0.0,0.3,8.0,440.0,-0.0012994039600515,Clear,Otra
1,2015-01-23 23:01:37,2015-01-23 23:06:19,2,0.8,-74.00406646728516,40.7427864074707,1,N,-74.00266265869139,40.733768463134766,2,5.0,0.5,0.5,0.0,0.0,0.3,6.3,282.0,-0.0012862034771799,Clear,Midtown Manhattan
2,2015-01-07 20:37:43,2015-01-07 20:57:29,3,9.26,-73.87503814697266,40.7719612121582,1,N,-73.95816802978516,40.77312088012695,1,27.5,0.5,0.5,5.0,5.33,0.3,39.13,1186.0,-0.0004271566687634,Clouds,Queens
1,2015-01-21 23:51:16,2015-01-21 23:57:52,2,1.3,-74.0003890991211,40.742584228515625,1,N,-73.98124694824217,40.73794937133789,2,7.0,0.5,0.5,0.0,0.0,0.3,8.3,396.0,-0.001235432389212,Clear,Midtown Manhattan
1,2015-01-06 16:23:39,2015-01-06 16:36:59,1,2.7,-73.98098754882812,40.75587844848633,1,N,-73.95450592041014,40.778350830078125,1,11.0,1.0,0.5,2.0,0.0,0.3,14.8,800.0,-0.0010932733429019,Clear,Midtown Manhattan
1,2015-01-16 22:39:59,2015-01-16 22:49:42,1,1.1,-73.988525390625,40.72746658325195,1,N,-73.99859619140625,40.73219680786133,1,8.0,0.5,0.5,2.3,0.0,0.3,11.6,583.0,-0.0012557408243991,Clear,Lower Manhattan
2,2015-01-30 21:21:00,2015-01-30 21:40:14,1,4.14,-73.93498992919923,40.75107192993164,1,N,-73.98999786376953,40.74704360961913,1,16.5,0.5,0.5,3.56,0.0,0.3,21.36,1154.0,-0.0009470526095545,Clear,Otra
1,2015-01-17 00:42:03,2015-01-17 00:44:46,1,0.5,-73.97828674316406,40.745899200439446,1,N,-73.9874496459961,40.7497673034668,1,4.0,0.5,0.5,1.06,0.0,0.3,6.36,163.0,-0.0013166661299606,Clear,Otra
2,2015-01-30 23:26:36,2015-01-30 23:31:04,1,0.97,-73.98255157470702,40.77727890014648,1,N,-73.9802474975586,40.765411376953125,1,5.5,0.5,0.5,1.36,0.0,0.3,8.16,268.0,-0.0012689413072708,Clear,Otra
2,2015-01-05 16:26:44,2015-01-05 16:31:00,1,0.75,-73.95458984375,40.765506744384766,1,N,-73.94802856445312,40.774864196777344,2,5.0,1.0,0.5,0.0,0.0,0.3,6.8,256.0,-0.0012912805859766,Clear,Otra
2,2015-01-06 09:19:35,2015-01-06 09:30:22,1,1.67,-74.00753784179686,40.73232650756836,1,N,-73.99317169189453,40.75235366821289,1,8.5,0.0,0.5,1.0,0.0,0.3,10.3,647.0,-0.0011978617841158,Clear,Otra
1,2015-01-10 01:00:11,2015-01-10 01:05:05,2,0.8,-73.91727447509764,40.7650146484375,1,N,-73.92816925048828,40.76780700683594,1,5.5,0.5,0.5,1.0,0.0,0.3,7.8,294.0,-0.0012862034771799,Clouds,Otra
2,2015-01-10 21:07:04,2015-01-10 21:16:58,4,2.19,-73.97209167480467,40.7576904296875,1,N,-73.97362518310547,40.73794555664063,1,9.0,0.5,0.5,1.9,0.0,0.3,12.2,594.0,-0.0011450598526292,Clear,Otra
2,2015-01-13 23:20:53,2015-01-13 23:24:53,1,0.95,-73.98566436767578,40.74707412719727,1,N,-73.98165893554686,40.737335205078125,1,5.0,0.5,0.5,1.1,0.0,0.3,7.4,240.0,-0.0012709721507895,Clear,Midtown Manhattan
1,2015-01-12 13:01:46,2015-01-12 13:05:31,1,0.8,-73.96268463134764,40.766937255859375,1,N,-73.95502471923827,40.777374267578125,2,5.0,0.0,0.5,0.0,0.0,0.3,5.8,225.0,-0.0012862034771799,Clear,Otra
1,2015-01-08 10:33:05,2015-01-08 10:45:49,1,2.1,-73.9852523803711,40.77873229980469,1,N,-73.97079467773438,40.75859069824219,2,10.0,0.0,0.5,0.0,0.0,0.3,10.8,764.0,-0.0011541986484634,Clear,Otra
2,2015-01-18 14:16:20,2015-01-18 14:37:22,1,4.98,-73.98643493652342,40.742820739746094,1,N,-73.94847106933594,40.80412673950195,1,17.5,0.0,0.5,3.5,0.0,0.3,21.8,1262.0,-0.0008617571817684,Clear,Midtown Manhattan
2,2015-01-20 13:41:22,2015-01-20 13:46:50,1,0.9,-73.96234130859375,40.77294158935546,1,N,-73.95616149902342,40.784481048583984,2,6.0,0.0,0.5,0.0,0.0,0.3,6.8,328.0,-0.0012760492595863,Clear,Otra
1,2015-01-19 11:06:01,2015-01-19 11:17:16,1,1.0,-73.99463653564453,40.7504997253418,1,N,-73.98007202148438,40.74596786499024,1,8.5,0.0,0.5,1.0,0.0,0.3,10.3,675.0,-0.0012658950419927,Clear,Midtown Manhattan
2,2015-01-17 10:41:13,2015-01-17 10:47:27,1,1.75,-73.99999237060547,40.7377815246582,1,N,-74.0103988647461,40.71377182006836,2,7.5,0.0,0.5,0.0,0.0,0.3,8.3,374.0,-0.0011897384100409,Clear,Otra
1,2015-01-09 19:31:10,2015-01-09 19:37:26,2,0.9,-73.97946166992188,40.73543167114258,1,N,-73.98960876464844,40.72567367553711,2,6.0,1.0,0.5,0.0,0.0,0.3,7.8,376.0,-0.0012760492595863,Clear,Otra
2,2015-01-23 15:36:38,2015-01-23 15:44:44,5,0.75,-73.97775268554686,40.75825119018555,1,N,-73.98496246337889,40.76034164428711,2,6.5,0.0,0.5,0.0,0.0,0.3,7.3,486.0,-0.0012912805859766,Clear,Otra
2,2015-01-27 23:02:37,2015-01-27 23:16:03,2,2.68,-73.9914779663086,40.73738861083984,1,N,-73.9913330078125,40.71764373779297,1,11.5,0.5,0.5,2.56,0.0,0.3,15.36,806.0,-0.0010953041864207,Clear,Otra
2,2015-01-30 04:38:44,2015-01-30 04:44:05,6,1.31,-73.93917846679686,40.75033950805664,1,N,-73.91883850097656,40.74232864379882,1,6.5,0.5,0.5,1.56,0.0,0.3,9.36,321.0,-0.0012344169674526,Clear,Otra
2,2015-01-02 20:22:01,2015-01-02 20:26:46,1,0.78,-73.96587371826173,40.76164627075195,1,N,-73.97093963623048,40.76711654663086,1,5.0,0.5,0.5,1.38,0.0,0.3,7.68,285.0,-0.0012882343206986,Clear,Otra
1,2015-01-21 19:02:59,2015-01-21 19:14:06,1,2.1,-73.97966766357422,40.780799865722656,1,N,-73.95470428466798,40.7696533203125,1,10.0,1.0,0.5,2.35,0.0,0.3,14.15,667.0,-0.0011541986484634,Clear,Otra
2,2015-01-19 00:01:25,2015-01-19 00:11:40,1,1.87,-74.00177001953125,40.73937225341797,1,N,-73.97440338134764,40.73239517211913,2,9.5,0.5,0.5,0.0,0.0,0.3,10.8,615.0,-0.0011775533489286,Clear,Otra
2,2015-01-23 23:45:36,2015-01-23 23:51:07,1,1.16,-74.00553894042967,40.73527145385742,1,N,-74.00732421875,40.71984100341797,1,6.0,0.5,0.5,1.46,0.0,0.3,8.76,331.0,-0.001249648293843,Clear,Otra
1,2015-01-19 13:13:08,2015-01-19 13:24:32,1,2.4,-73.97553253173827,40.752479553222656,1,N,-74.0041732788086,40.740478515625,1,10.5,0.0,0.5,2.8,0.0,0.3,14.1,684.0,-0.0011237359956827,Clear,Otra
2,2015-01-08 18:09:35,2015-01-08 18:17:47,1,1.25,-74.00563049316406,40.73870849609375,1,N,-73.98806762695312,40.740058898925774,1,7.5,1.0,0.5,1.0,0.0,0.3,10.3,492.0,-0.0012405094980088,Clear,Otra
1,2015-01-10 01:57:02,2015-01-10 02:11:49,1,4.0,-73.99576568603516,40.718597412109375,1,N,-73.97268676757811,40.67184066772461,1,14.5,0.5,0.5,3.15,0.0,0.3,18.95,887.0,-0.0009612685141855,Clear,Lower Manhattan
2,2015-01-08 20:51:57,2015-01-08 21:08:43,5,2.83,-73.98956298828125,40.74821853637695,1,N,-73.98816680908203,40.779293060302734,2,13.5,0.5,0.5,0.0,0.0,0.3,14.8,1006.0,-0.0010800728600303,Clear,Midtown Manhattan
1,2015-01-25 09:59:43,2015-01-25 10:02:06,1,0.8,-73.99276733398438,40.74811553955078,1,N,-74.00113677978516,40.7393798828125,2,4.5,0.0,0.5,0.0,0.0,0.3,5.3,143.0,-0.0012862034771799,Clear,Midtown Manhattan
1,2015-01-21 22:37:53,2015-01-21 22:49:16,1,2.3,-73.99100494384764,40.73027801513672,1,N,-74.0087661743164,40.70419692993164,1,10.5,0.5,0.5,2.95,0.0,0.3,14.75,683.0,-0.0011338902132762,Clear,Otra
1,2015-01-04 13:31:25,2015-01-04 13:43:07,1,2.7,-73.99002075195312,40.76218795776367,1,N,-73.9872817993164,40.7334442138672,2,11.5,0.0,0.5,0.0,0.0,0.0,12.3,702.0,-0.0010932733429019,Clear,Midtown Manhattan
1,2015-01-27 21:25:54,2015-01-27 21:31:33,4,1.4,-73.98905181884764,40.738765716552734,1,N,-74.00189971923827,40.72800827026367,2,6.5,0.5,0.5,0.0,0.0,0.3,7.8,339.0,-0.0012252781716184,Clear,Otra
2,2015-01-08 13:48:49,2015-01-08 13:56:00,5,1.03,-73.9573516845703,40.76755142211913,1,N,-73.96610260009764,40.758079528808594,1,6.5,0.0,0.5,1.3,0.0,0.3,8.6,431.0,-0.0012628487767146,Clear,Otra
1,2015-01-31 11:47:42,2015-01-31 11:52:23,1,1.2,-74.0014419555664,40.746440887451165,1,N,-74.00072479248048,40.75766372680664,3,6.0,0.0,0.5,0.0,0.0,0.3,6.8,281.0,-0.0012455866068056,Clear,Midtown Manhattan
2,2015-01-07 23:21:22,2015-01-07 23:35:19,1,2.88,-73.97962951660156,40.77619934082031,1,N,-73.97356414794923,40.74707412719727,1,12.5,0.5,0.5,1.2,0.0,0.3,15.0,837.0,-0.0010749957512335,Clear,Otra
2,2015-01-31 00:38:32,2015-01-31 00:52:00,1,4.13,-73.99211883544923,40.74959182739258,1,N,-73.94854736328125,40.78320693969727,1,14.0,0.5,0.5,3.06,0.0,0.3,18.36,808.0,-0.0009480680313138,Clear,Midtown Manhattan
2,2015-01-29 19:33:38,2015-01-29 19:36:30,2,0.34,-73.87796020507811,40.75646209716797,1,N,-73.87826538085938,40.752540588378906,2,4.0,1.0,0.5,0.0,0.0,0.3,5.8,172.0,-0.0013329128781103,Clouds,Queens
1,2015-01-14 10:20:33,2015-01-14 10:27:24,1,0.9,-73.97686767578125,40.75596618652344,1,N,-73.9798583984375,40.76559066772461,2,6.5,0.0,0.5,0.0,0.0,0.3,7.3,411.0,-0.0012760492595863,Clear,Otra
1,2015-01-11 14:11:21,2015-01-11 14:34:55,2,4.4,-73.96298217773438,40.79925155639648,1,N,-73.96320343017578,40.7573127746582,1,18.5,0.0,0.5,4.75,0.0,0.3,24.05,1414.0,-0.0009206516438112,Clear,Otra
1,2015-01-16 21:53:47,2015-01-16 21:55:31,1,0.6,-73.95167541503906,40.77801513671875,1,N,-73.95697021484375,40.770557403564446,1,4.0,0.5,0.5,1.0,0.0,0.3,6.3,104.0,-0.001306511912367,Clear,Otra
2,2015-01-29 18:05:07,2015-01-29 18:41:21,1,5.85,-74.00768280029298,40.7250862121582,1,N,-73.985595703125,40.666030883789055,1,24.0,1.0,0.5,6.45,0.0,0.3,32.25,2174.0,-0.0007734154887043,Clear,Lower Manhattan
2,2015-01-20 09:12:20,2015-01-20 09:13:37,5,0.55,-73.98477172851561,40.75886154174805,1,N,-73.99015045166014,40.75169372558594,1,3.5,0.0,0.5,3.0,0.0,0.3,7.3,77.0,-0.0013115890211638,Clear,Midtown Manhattan
2,2015-01-19 08:49:37,2015-01-19 08:59:03,6,2.12,-74.0066680908203,40.73159790039063,1,N,-73.98755645751953,40.75285339355469,1,9.5,0.0,0.5,1.9,0.0,0.3,12.2,566.0,-0.0011521678049447,Clear,Otra
2,2015-01-27 23:53:07,2015-01-28 00:09:49,2,5.4,-74.00189971923827,40.72629165649414,1,N,-73.94668579101561,40.77400588989258,1,17.5,0.5,0.5,2.0,0.0,0.3,20.8,1002.0,-0.0008191094678754,Clear,Lower Manhattan
2,2015-01-31 21:50:53,2015-01-31 21:55:58,2,1.07,-73.97642517089844,40.78407669067384,1,N,-73.98193359375,40.77206039428711,2,6.0,0.5,0.5,0.0,0.0,0.3,7.3,305.0,-0.0012587870896772,Clear,Otra
2,2015-01-25 13:26:02,2015-01-25 13:31:09,1,0.96,-73.97025299072266,40.74966812133789,1,N,-73.96340942382812,40.75569915771485,1,5.5,0.0,0.5,1.1,0.0,0.3,7.4,307.0,-0.0012699567290301,Clear,Otra
1,2015-01-13 18:45:04,2015-01-13 18:48:47,3,0.5,-73.97122192382812,40.757591247558594,1,N,-73.97624969482422,40.75064086914063,1,4.5,1.0,0.5,1.25,0.0,0.3,7.55,223.0,-0.0013166661299606,Clear,Otra
2,2015-01-30 14:47:56,2015-01-30 15:04:23,2,1.61,-73.99858856201173,40.73534393310546,1,N,-73.98373413085938,40.75511169433594,1,11.5,0.0,0.5,3.08,0.0,0.3,15.38,987.0,-0.0012039543146719,Clear,Otra
1,2015-01-20 04:13:21,2015-01-20 04:19:26,1,2.2,-73.96843719482422,40.791519165039055,1,N,-73.96387481689453,40.767852783203125,2,8.5,0.5,0.5,0.0,0.0,0.3,9.8,365.0,-0.0011440444308698,Clear,Otra
2,2015-01-28 15:19:58,2015-01-28 15:25:32,1,0.92,-73.98912048339844,40.7485466003418,1,N,-73.98954772949219,40.75807189941406,1,5.5,0.0,0.5,1.89,0.0,0.3,8.19,334.0,-0.0012740184160676,Clear,Midtown Manhattan
2,2015-01-22 00:43:05,2015-01-22 00:48:00,5,1.35,-73.99916076660156,40.74162673950195,1,N,-73.98576354980467,40.752777099609375,2,6.5,0.5,0.5,0.0,0.0,0.3,7.8,295.0,-0.0012303552804152,Clear,Midtown Manhattan
2,2015-01-23 08:13:45,2015-01-23 08:22:56,1,1.34,-73.9464340209961,40.773040771484375,1,N,-73.9500961303711,40.78664016723633,2,8.0,0.0,0.5,0.0,0.0,0.3,8.8,551.0,-0.0012313707021746,Clear,Otra
1,2015-01-23 19:35:51,2015-01-23 19:45:02,2,2.0,-73.98514556884764,40.7787971496582,1,N,-73.96708679199217,40.79373550415039,2,9.0,1.0,0.5,0.0,0.0,0.3,10.8,551.0,-0.001164352866057,Clear,Otra
2,2015-01-13 13:01:55,2015-01-13 13:04:32,5,0.58,-73.96933746337889,40.7904052734375,1,N,-73.9766845703125,40.78832244873047,1,4.0,0.0,0.5,1.0,0.0,0.3,5.8,157.0,-0.0013085427558857,Clear,Otra
2,2015-01-11 07:57:01,2015-01-11 07:59:30,5,0.8,-73.99199676513672,40.7433967590332,1,N,-73.9963150024414,40.73728942871094,1,4.5,0.0,0.5,1.0,0.0,0.3,6.3,149.0,-0.0012862034771799,Clear,Midtown Manhattan
1,2015-01-28 04:49:17,2015-01-28 04:59:25,1,3.2,-73.96881103515625,40.7609748840332,1,N,-73.91890716552734,40.74293518066406,2,12.0,0.5,0.5,0.0,0.0,0.3,13.3,608.0,-0.0010425022549341,Clear,Otra
2,2015-01-08 15:03:18,2015-01-08 15:42:52,1,10.09,-73.78807067871094,40.64150619506836,1,N,-73.75539398193358,40.73731231689453,2,34.5,0.0,0.5,0.0,0.0,0.3,35.3,2374.0,-0.0003428766627368,Clouds,Otra
2,2015-01-04 12:31:55,2015-01-04 13:04:49,6,19.24,-73.78176116943358,40.64477157592773,2,N,-73.98390960693358,40.76973342895508,1,52.0,0.0,0.5,10.0,5.33,0.3,68.13,1974.0,0.0005862342470752,Clouds,Otra
1,2015-01-30 20:43:21,2015-01-30 20:50:54,2,1.3,-73.96794128417967,40.80273818969727,1,N,-73.97618103027344,40.786415100097656,1,7.5,0.5,0.5,2.2,0.0,0.3,11.0,453.0,-0.001235432389212,Clear,Otra
2,2015-01-20 23:04:37,2015-01-20 23:30:27,2,4.35,-73.94322204589844,40.81070709228516,1,N,-73.95319366455078,40.76764678955078,1,20.5,0.5,0.5,4.2,0.0,0.3,26.0,1550.0,-0.000925728752608,Clear,Otra
2,2015-01-11 10:42:20,2015-01-11 11:01:27,5,4.1,-73.94490814208984,40.779109954833984,1,N,-73.9921875,40.74969100952149,1,16.0,0.0,0.5,3.2,0.0,0.3,20.0,1147.0,-0.0009511142965919,Clear,Otra
2,2015-01-01 14:48:07,2015-01-01 14:53:37,4,2.22,-73.96530151367188,40.75507354736328,1,N,-73.97959899902342,40.73284530639648,2,8.0,0.0,0.5,0.0,0.0,0.3,8.8,330.0,-0.0011420135873511,Clear,Otra
1,2015-01-10 18:41:52,2015-01-10 18:52:40,1,2.0,-73.96202850341797,40.7954216003418,1,N,-73.98258972167967,40.7723388671875,2,9.5,0.0,0.5,0.0,0.0,0.3,10.3,648.0,-0.001164352866057,Clear,Otra
1,2015-01-01 15:41:51,2015-01-01 15:47:15,1,1.0,-73.9791488647461,40.75582885742188,1,Y,-73.97956848144531,40.744384765625,1,5.7,0.0,0.5,1.0,0.0,0.0,7.5,324.0,-0.0012658950419927,Clear,Otra
2,2015-01-08 21:49:46,2015-01-08 21:56:53,2,1.27,-73.99517822265625,40.738399505615234,1,N,-73.98931884765625,40.726917266845696,1,6.5,0.5,0.5,1.4,0.0,0.3,9.2,427.0,-0.0012384786544901,Clear,Otra
1,2015-01-11 13:36:23,2015-01-11 13:44:03,1,1.5,-73.9671173095703,40.76385116577149,1,N,-73.95625305175781,40.77964782714844,2,7.5,0.0,0.5,0.0,0.0,0.3,8.3,460.0,-0.0012151239540248,Clear,Otra
2,2015-01-29 15:20:28,2015-01-29 15:24:47,6,0.7,-73.9793472290039,40.75543212890625,1,N,-73.985595703125,40.74706268310546,2,5.0,0.0,0.5,0.0,0.0,0.3,5.8,259.0,-0.0012963576947734,Clear,Otra
2,2015-01-23 04:15:48,2015-01-23 04:28:36,3,5.36,-73.98837280273438,40.74925994873047,1,N,-73.94509887695312,40.80852127075195,2,16.0,0.5,0.5,0.0,0.0,0.3,17.3,768.0,-0.0008231711549129,Clear,Midtown Manhattan
2,2015-01-09 09:03:24,2015-01-09 09:34:42,1,3.97,-74.01197052001953,40.71049118041992,1,N,-73.97859191894531,40.75823974609375,1,20.0,0.0,0.5,2.0,0.0,0.3,22.8,1878.0,-0.0009643147794635,Clear,Otra
1,2015-01-23 11:14:40,2015-01-23 11:17:03,1,0.4,-74.00296783447266,40.74810028076172,1,N,-73.99600982666014,40.74530792236328,2,3.5,0.0,0.5,0.0,0.0,0.3,4.3,143.0,-0.0013268203475542,Clear,Midtown Manhattan
2,2015-01-24 19:11:38,2015-01-24 19:20:44,1,1.12,-73.99555969238281,40.7387924194336,1,N,-74.00904846191406,40.73252868652344,2,7.5,0.0,0.5,0.0,0.0,0.3,8.3,546.0,-0.0012537099808804,Clear,Otra
1,2015-01-28 14:52:58,2015-01-28 14:59:48,1,0.8,-73.98262023925781,40.778297424316406,1,N,-73.97660064697266,40.788272857666016,1,6.0,0.0,0.5,1.36,0.0,0.3,8.16,410.0,-0.0012862034771799,Clear,Otra
1,2015-01-21 22:10:23,2015-01-21 22:18:37,1,1.9,-73.99128723144531,40.74930953979492,1,N,-74.00128173828125,40.72594833374024,1,8.5,0.5,0.5,1.0,0.0,0.3,10.8,494.0,-0.0011745070836505,Clear,Midtown Manhattan
2,2015-01-24 03:31:45,2015-01-24 03:56:36,1,6.77,-73.98115539550781,40.72517013549805,1,N,-73.91448974609375,40.765823364257805,2,22.5,0.5,0.5,0.0,0.0,0.3,23.8,1491.0,-0.0006799966868435,Clear,Lower Manhattan
2,2015-01-11 11:49:52,2015-01-11 11:59:14,1,1.23,-74.0029067993164,40.760417938232415,1,N,-73.99010467529298,40.749858856201165,1,8.0,0.0,0.5,1.6,0.0,0.3,10.4,562.0,-0.0012425403415275,Clear,Midtown Manhattan
2,2015-01-18 07:42:10,2015-01-18 07:58:14,1,5.81,-73.95159912109375,40.777931213378906,1,N,-73.96443939208984,40.75238800048828,1,19.0,0.0,0.5,2.2,0.0,0.3,22.0,964.0,-0.0007774771757418,Clear,Otra
1,2015-01-23 10:38:32,2015-01-23 10:58:00,1,1.6,-73.9749526977539,40.75661087036133,1,N,-73.99202728271484,40.749324798583984,2,13.0,0.0,0.5,0.0,0.0,0.3,13.8,1168.0,-0.0012049697364313,Clear,Otra
1,2015-01-19 17:49:40,2015-01-19 17:59:34,2,2.0,-73.9895248413086,40.7572135925293,1,N,-73.96427917480467,40.76751708984375,2,9.0,0.0,0.5,0.0,0.0,0.3,9.8,594.0,-0.001164352866057,Clear,Midtown Manhattan
2,2015-01-20 21:36:15,2015-01-20 21:43:09,2,1.27,-73.97711944580078,40.76094818115234,1,N,-73.97649383544923,40.77556610107422,1,7.0,0.5,0.5,1.66,0.0,0.3,9.96,414.0,-0.0012384786544901,Clear,Otra
2,2015-01-10 21:46:56,2015-01-10 22:07:52,5,6.1,-73.9406509399414,40.81931686401367,1,N,-73.91072845458984,40.77964019775391,1,21.0,0.5,0.5,4.0,5.33,0.3,31.63,1256.0,-0.0007480299447204,Clear,Otra
1,2015-01-25 23:09:04,2015-01-25 23:23:56,1,9.2,-74.00141143798828,40.75566864013672,1,N,-73.91431427001953,40.8418197631836,2,26.5,0.5,0.5,0.0,0.0,0.3,27.8,892.0,-0.0004332491993196,Clear,Midtown Manhattan
1,2015-01-10 17:24:59,2015-01-10 17:58:39,2,9.7,-73.8635482788086,40.77013397216797,1,N,-73.98394775390625,40.759185791015625,1,34.0,0.0,0.5,8.0,5.33,0.3,48.13,2020.0,-0.0003824781113517,Clouds,Queens
2,2015-01-09 07:22:05,2015-01-09 07:33:54,1,1.76,-73.94759368896483,40.78382873535156,1,N,-73.97028350830078,40.78908157348633,1,9.0,0.0,0.5,1.8,0.0,0.3,11.6,709.0,-0.0011887229882815,Clear,Otra
2,2015-01-17 13:17:18,2015-01-17 13:22:16,3,0.85,-74.00072479248048,40.746196746826165,1,N,-73.98694610595702,40.74070739746094,2,5.5,0.0,0.5,0.0,0.0,0.3,6.3,298.0,-0.0012811263683831,Clear,Midtown Manhattan
1,2015-01-04 22:53:16,2015-01-04 23:01:08,1,3.0,-73.96668243408203,40.76087188720703,1,N,-73.93941497802734,40.79863739013672,1,10.0,0.5,0.5,2.25,0.0,0.0,13.55,472.0,-0.0010628106901212,Clear,Otra
2,2015-01-25 13:00:18,2015-01-25 13:18:06,2,2.15,-73.97798156738281,40.73431396484375,1,N,-74.00010681152342,40.72151565551758,1,13.0,0.0,0.5,2.76,0.0,0.3,16.56,1068.0,-0.0011491215396666,Clear,Otra
1,2015-01-28 08:56:38,2015-01-28 09:14:36,1,3.2,-73.96015167236328,40.75821304321289,1,N,-73.9819107055664,40.74291229248047,1,14.5,0.0,0.5,1.0,0.0,0.3,16.3,1078.0,-0.0010425022549341,Clear,Otra
2,2015-01-17 20:34:35,2015-01-17 20:49:52,1,2.26,-73.98969268798828,40.73527145385742,1,N,-73.99285888671875,40.75865936279297,2,11.5,0.5,0.5,0.0,0.0,0.3,12.8,917.0,-0.0011379519003137,Clear,Otra
2,2015-01-21 09:41:44,2015-01-21 09:56:54,6,2.57,-73.95752716064453,40.7744598388672,1,N,-73.98873138427734,40.7675895690918,1,12.0,0.0,0.5,2.0,0.0,0.3,14.8,910.0,-0.0011064738257736,Clear,Otra
2,2015-01-22 23:18:29,2015-01-22 23:34:03,1,4.18,-73.99115753173827,40.73503494262695,1,N,-73.94921875,40.77708053588867,1,15.5,0.5,0.5,2.0,0.0,0.3,18.8,934.0,-0.000942990922517,Clear,Otra
2,2015-01-20 21:33:52,2015-01-20 21:43:54,1,2.38,-73.972412109375,40.75310516357422,1,N,-73.95648193359375,40.74281692504882,2,10.0,0.5,0.5,0.0,5.33,0.3,16.63,602.0,-0.0011257668392014,Clear,Otra
1,2015-01-30 05:47:39,2015-01-30 06:03:16,1,3.7,-73.9427719116211,40.714859008789055,1,N,-73.99083709716798,40.723670959472656,1,14.5,0.5,0.5,0.0,0.0,0.3,15.8,937.0,-0.0009917311669662,Clear,Otra
1,2015-01-08 00:10:11,2015-01-08 00:33:44,1,12.5,-73.98257446289062,40.69195938110352,1,Y,-73.96588897705078,40.57988739013672,1,36.0,0.5,0.5,9.32,0.0,0.3,46.62,1413.0,-9.816001873167434e-05,Clear,Otra
2,2015-01-21 15:37:42,2015-01-21 16:01:20,6,9.2,-73.87320709228516,40.77413940429688,1,N,-73.9940185546875,40.745208740234375,1,28.0,0.0,0.5,3.0,5.33,0.3,37.13,1418.0,-0.0004332491993196,Clouds,Queens
2,2015-01-28 12:10:02,2015-01-28 12:25:07,1,1.74,-73.96275329589844,40.772743225097656,1,N,-73.980224609375,40.754497528076165,1,11.0,0.0,0.5,2.2,0.0,0.3,14.0,905.0,-0.0011907538318003,Clear,Otra
1,2015-01-31 22:31:51,2015-01-31 22:50:34,1,3.0,-73.96965026855469,40.76194763183594,1,N,-73.9754409790039,40.792083740234375,1,14.5,0.5,0.5,3.15,0.0,0.3,18.95,1123.0,-0.0010628106901212,Clear,Otra
2,2015-01-16 18:25:15,2015-01-16 18:42:20,1,2.39,-73.99411010742188,40.755718231201165,1,N,-73.98515319824217,40.73202133178711,1,13.0,1.0,0.5,2.8,0.0,0.3,17.6,1025.0,-0.001124751417442,Clear,Midtown Manhattan
2,2015-01-03 12:12:55,2015-01-03 12:18:43,1,0.97,-73.98027038574217,40.77804183959961,1,N,-73.98969268798828,40.77275848388672,2,6.0,0.0,0.5,0.0,0.0,0.3,6.8,348.0,-0.0012689413072708,Clear,Otra
2,2015-01-16 21:46:34,2015-01-16 21:59:05,1,1.6,-74.00244903564453,40.729400634765625,1,N,-73.98751831054686,40.719776153564446,1,10.0,0.5,0.5,2.0,0.0,0.3,13.3,751.0,-0.0012049697364313,Clear,Lower Manhattan
2,2015-01-05 09:27:03,2015-01-05 09:36:12,1,1.97,-73.97792053222656,40.7529182434082,1,N,-74.00556945800781,40.7510986328125,1,9.0,0.0,0.5,1.8,0.0,0.3,11.6,549.0,-0.001167399131335,Clear,Otra
2,2015-01-04 11:29:25,2015-01-04 11:44:59,1,4.1,-73.96044158935547,40.76129531860352,1,N,-74.00337219238281,40.748653411865234,1,16.0,0.0,0.5,2.0,0.0,0.3,18.8,934.0,-0.0009511142965919,Clear,Otra
2,2015-01-30 16:31:02,2015-01-30 16:42:33,1,1.8,-73.97474670410156,40.75627899169922,1,N,-73.98590087890625,40.73500061035156,1,9.5,1.0,0.5,2.0,0.0,0.3,13.3,691.0,-0.0011846613012441,Clear,Otra
2,2015-01-21 01:43:53,2015-01-21 01:58:24,1,3.61,-73.98994445800781,40.72055816650391,1,N,-73.98145294189453,40.7612419128418,1,13.5,0.5,0.5,1.5,0.0,0.3,16.3,871.0,-0.0010008699628004,Clear,Lower Manhattan
1,2015-01-01 02:29:53,2015-01-01 02:51:17,3,6.0,-73.99205780029298,40.7307014465332,1,N,-73.92662811279298,40.76580429077149,1,20.5,0.5,0.5,5.45,0.0,0.0,27.25,1284.0,-0.000758184162314,Clear,Otra
2,2015-01-22 20:32:39,2015-01-22 20:38:43,1,0.89,-73.96983337402342,40.768672943115234,1,N,-73.96542358398438,40.774898529052734,2,6.0,0.5,0.5,0.0,0.0,0.3,7.3,364.0,-0.0012770646813456,Clear,Otra
1,2015-01-06 18:40:47,2015-01-06 18:49:18,1,0.7,-73.98139953613281,40.76202392578125,1,N,-73.98355102539062,40.75479507446289,1,7.0,1.0,0.5,1.76,0.0,0.3,10.56,511.0,-0.0012963576947734,Clear,Midtown Manhattan
2,2015-01-17 23:52:52,2015-01-17 23:58:46,2,0.57,-73.99465942382812,40.718608856201165,1,N,-73.9843521118164,40.71699142456056,2,5.5,0.5,0.5,0.0,0.0,0.3,6.8,354.0,-0.0013095581776451,Clear,Lower Manhattan
1,2015-01-19 10:05:18,2015-01-19 10:06:39,1,0.3,-73.97599792480467,40.78645324707031,1,N,-73.97015380859375,40.78572463989258,2,3.5,0.0,0.5,0.0,0.0,0.3,4.3,81.0,-0.0013369745651477,Clear,Otra
1,2015-01-22 15:10:55,2015-01-22 15:14:33,1,0.6,-73.95063781738281,40.77926254272461,1,N,-73.95871734619139,40.776531219482415,2,4.5,0.0,0.5,0.0,0.0,0.3,5.3,218.0,-0.001306511912367,Clear,Otra
2,2015-01-31 19:06:51,2015-01-31 19:15:30,1,0.73,-73.9902114868164,40.73461151123047,1,N,-73.98534393310547,40.742778778076165,2,7.0,0.0,0.5,0.0,0.0,0.3,7.8,519.0,-0.0012933114294954,Clear,Otra
1,2015-01-24 10:16:50,2015-01-24 10:24:01,2,1.1,-73.99362182617188,40.75701522827149,1,N,-73.99913024902342,40.763984680175774,2,6.5,0.0,0.5,0.0,0.0,0.3,7.3,431.0,-0.0012557408243991,Clear,Midtown Manhattan
1,2015-01-21 15:30:14,2015-01-21 15:33:27,1,0.9,-73.97470855712889,40.742141723632805,1,N,-73.96863555908203,40.752540588378906,1,5.0,0.0,0.5,1.15,0.0,0.3,6.95,193.0,-0.0012760492595863,Clear,Otra
2,2015-01-09 10:55:54,2015-01-09 11:03:41,5,1.33,-73.95848846435547,40.764766693115234,1,N,-73.95431518554686,40.78013610839844,2,7.0,0.0,0.5,0.0,0.0,0.3,7.8,467.0,-0.0012323861239339,Clear,Otra
2,2015-01-23 13:31:14,2015-01-23 13:48:09,5,2.2,-73.98948669433594,40.72531127929688,1,N,-73.97692108154298,40.75212097167969,2,12.5,0.0,0.5,0.0,0.0,0.3,13.3,1015.0,-0.0011440444308698,Clear,Lower Manhattan
1,2015-01-20 16:40:22,2015-01-20 16:45:49,1,1.0,-73.94330596923827,40.69228363037109,1,N,-73.94940185546875,40.68333435058594,2,5.5,1.0,0.5,0.0,0.0,0.3,7.3,327.0,-0.0012658950419927,Clear,Otra
2,2015-01-10 01:59:08,2015-01-10 02:07:35,5,0.93,-73.93028259277342,40.69414520263672,1,N,-73.94178771972656,40.690967559814446,1,7.5,0.5,0.5,2.4,0.0,0.3,11.2,507.0,-0.0012730029943082,Clear,Otra
2,2015-01-09 23:49:59,2015-01-09 23:55:50,1,1.08,-74.0011978149414,40.727630615234375,1,N,-74.00469207763672,40.71915817260742,1,6.0,0.5,0.5,1.0,0.0,0.3,8.3,351.0,-0.0012577716679178,Clear,Lower Manhattan
2,2015-01-14 13:20:57,2015-01-14 13:28:18,1,1.46,-73.99440002441406,40.761043548583984,1,N,-73.99616241455078,40.74679565429688,2,7.0,0.0,0.5,0.0,0.0,0.3,7.8,441.0,-0.0012191856410623,Clear,Midtown Manhattan
2,2015-01-24 08:21:46,2015-01-24 08:32:06,1,2.74,-73.99221038818358,40.7590217590332,1,N,-73.95700073242188,40.764739990234375,1,11.0,0.0,0.5,0.7,0.0,0.3,12.5,620.0,-0.0010892116558645,Clear,Midtown Manhattan
1,2015-01-31 17:04:43,2015-01-31 17:41:49,1,4.4,-73.98941040039062,40.75072860717773,1,N,-73.98823547363281,40.72011184692384,1,23.5,0.0,0.5,4.85,0.0,0.3,29.15,2226.0,-0.0009206516438112,Clear,Midtown Manhattan
2,2015-01-10 19:10:32,2015-01-10 19:24:38,1,2.59,-73.98857879638672,40.777297973632805,1,N,-73.95733642578125,40.7637939453125,1,11.5,0.0,0.5,2.88,0.0,0.3,15.18,846.0,-0.0011044429822549,Clear,Otra
2,2015-01-06 18:32:32,2015-01-06 18:39:05,1,0.99,-73.99102020263672,40.73928451538086,1,N,-73.98699188232422,40.72982025146485,1,6.0,1.0,0.5,1.2,0.0,0.3,9.0,393.0,-0.0012669104637521,Clear,Otra
2,2015-01-25 03:53:22,2015-01-25 04:00:51,1,1.9,-73.97792053222656,40.72541427612305,1,N,-73.97474670410156,40.745166778564446,1,8.0,0.5,0.5,1.86,0.0,0.3,11.16,449.0,-0.0011745070836505,Clear,Lower Manhattan
2,2015-01-19 18:37:01,2015-01-19 18:41:59,1,0.89,-73.97515869140625,40.75991821289063,1,N,-73.98697662353516,40.754219055175774,2,5.5,0.0,0.5,0.0,0.0,0.3,6.3,298.0,-0.0012770646813456,Clear,Otra
2,2015-01-15 15:25:28,2015-01-15 15:31:13,1,1.0,-74.00885009765625,40.7310791015625,1,N,-73.9971923828125,40.73714065551758,2,6.0,0.0,0.5,0.0,0.0,0.3,6.8,345.0,-0.0012658950419927,Clear,Otra
1,2015-01-09 11:03:40,2015-01-09 11:21:42,1,2.0,-73.9564437866211,40.78122329711913,1,N,-73.97474670410156,40.75747299194336,1,12.5,0.0,0.5,2.66,0.0,0.3,15.96,1082.0,-0.001164352866057,Clear,Otra
2,2015-01-08 05:56:54,2015-01-08 06:12:03,2,9.32,-73.964111328125,40.754348754882805,1,N,-73.87273406982422,40.77441787719727,1,26.0,0.5,0.5,9.55,5.33,0.3,42.18,909.0,-0.0004210641382073,Clear,Otra
2,2015-01-14 19:44:04,2015-01-14 19:58:11,5,4.41,-73.95359802246092,40.77516174316406,1,N,-73.98655700683594,40.73006820678711,1,15.0,1.0,0.5,1.0,0.0,0.3,17.8,847.0,-0.0009196362220518,Clear,Otra
1,2015-01-18 22:15:08,2015-01-18 22:39:24,1,5.7,-73.98614501953125,40.74762725830078,1,N,-73.9631118774414,40.72034454345703,1,21.0,0.5,0.5,2.7,0.0,0.3,25.0,1456.0,-0.0007886468150947,Clear,Midtown Manhattan
2,2015-01-17 18:03:51,2015-01-17 18:08:29,1,0.69,-73.95477294921875,40.77376174926758,1,N,-73.96126556396483,40.765228271484375,2,5.0,0.0,0.5,0.0,0.0,0.3,5.8,278.0,-0.0012973731165328,Clear,Otra
1,2015-01-31 18:54:55,2015-01-31 19:01:56,1,1.1,-73.94287872314453,40.811519622802734,1,Y,-73.95789337158203,40.81138610839844,1,6.5,0.0,0.5,1.46,0.0,0.3,8.76,421.0,-0.0012557408243991,Clear,Otra
1,2015-01-15 13:29:23,2015-01-15 13:31:12,1,0.4,-73.95143127441406,40.778507232666016,1,N,-73.9512176513672,40.7745361328125,1,3.5,0.0,0.5,0.85,0.0,0.3,5.15,109.0,-0.0013268203475542,Clear,Otra
1,2015-01-12 08:20:20,2015-01-12 08:29:08,2,0.5,-73.99193572998048,40.757659912109375,1,N,-74.0003433227539,40.75819396972656,2,7.0,0.0,0.5,0.0,0.0,0.3,7.8,528.0,-0.0013166661299606,Clear,Midtown Manhattan
1,2015-01-23 05:42:15,2015-01-23 05:49:54,1,2.8,-74.01571655273438,40.715137481689446,1,N,-73.99110412597656,40.74528503417969,1,9.5,0.5,0.5,1.2,0.0,0.3,12.0,459.0,-0.0010831191253084,Clear,Otra
2,2015-01-04 04:41:21,2015-01-04 04:44:14,1,0.83,-73.9539566040039,40.77043914794922,1,N,-73.96286010742188,40.76594161987305,1,4.5,0.5,0.5,1.5,0.0,0.3,7.3,173.0,-0.0012831572119018,Clear,Otra
1,2015-01-18 12:08:09,2015-01-18 12:27:19,1,4.0,-73.96875,40.75469207763672,1,N,-74.01034545898438,40.71897888183594,1,16.0,0.0,0.5,3.35,0.0,0.3,20.15,1150.0,-0.0009612685141855,Clear,Otra
2,2015-01-20 20:07:24,2015-01-20 20:11:59,1,0.82,-73.95575714111328,40.7760009765625,1,N,-73.95933532714845,40.78288650512695,2,5.5,0.5,0.5,0.0,0.0,0.3,6.8,275.0,-0.0012841726336611,Clear,Otra
1,2015-01-26 11:21:27,2015-01-26 11:25:21,1,0.6,-73.98197174072266,40.77083206176758,1,N,-73.97685241699219,40.77573394775391,1,4.5,0.0,0.5,1.06,0.0,0.3,6.36,234.0,-0.001306511912367,Clear,Otra
2,2015-01-10 17:36:26,2015-01-10 17:44:28,1,1.37,-73.99038696289062,40.7617301940918,1,N,-74.00397491455078,40.747596740722656,1,7.5,0.0,0.5,1.5,0.0,0.3,9.8,482.0,-0.0012283244368965,Clear,Midtown Manhattan
1,2015-01-31 07:23:06,2015-01-31 07:40:56,1,4.2,-73.91304016113281,40.745975494384766,1,N,-73.97893524169923,40.7563362121582,2,16.0,0.0,0.5,0.0,0.0,0.3,16.8,1070.0,-0.0009409600789983,Clouds,Otra
1,2015-01-10 14:58:16,2015-01-10 15:04:49,1,0.9,-74.0018310546875,40.727874755859375,1,N,-73.98961639404298,40.726348876953125,2,6.0,0.0,0.5,0.0,0.0,0.3,6.8,393.0,-0.0012760492595863,Clear,Lower Manhattan
2,2015-01-10 20:31:56,2015-01-10 20:37:46,1,1.21,-73.96787261962889,40.797550201416016,1,N,-73.97374725341797,40.78989028930664,2,6.0,0.5,0.5,0.0,0.0,0.3,7.3,350.0,-0.0012445711850462,Clear,Otra
2,2015-01-31 11:44:14,2015-01-31 12:00:16,5,2.85,-73.95782470703125,40.782135009765625,1,N,-73.9857406616211,40.75945281982422,2,12.5,0.0,0.5,0.0,0.0,0.3,13.3,962.0,-0.0010780420165116,Clear,Otra
2,2015-01-23 17:17:09,2015-01-23 17:23:36,3,1.05,-73.97455596923827,40.75049591064453,1,N,-73.98026275634764,40.76065826416016,1,6.5,1.0,0.5,2.49,0.0,0.3,10.79,387.0,-0.0012608179331959,Clear,Otra
1,2015-01-28 13:44:16,2015-01-28 13:53:13,1,0.9,-73.97024536132812,40.76260757446289,1,N,-73.95870208740233,40.76703643798828,1,7.0,0.0,0.5,0.8,0.0,0.3,8.6,537.0,-0.0012760492595863,Clear,Otra
1,2015-01-12 14:01:56,2015-01-12 14:14:07,1,1.1,-74.00072479248048,40.75802612304688,1,N,-73.98593139648438,40.7587776184082,2,9.0,0.0,0.5,0.0,0.0,0.3,9.8,731.0,-0.0012557408243991,Clear,Midtown Manhattan
2,2015-01-25 19:25:56,2015-01-25 19:32:26,1,1.26,-73.95217132568358,40.77751541137695,1,N,-73.96586608886719,40.76805877685546,2,7.0,0.0,0.5,0.0,0.0,0.3,7.8,390.0,-0.0012394940762494,Clear,Otra
1,2015-01-24 09:42:17,2015-01-24 09:48:12,1,1.4,-73.99774932861328,40.736087799072266,1,N,-74.00494384765625,40.74970626831056,2,7.0,0.0,0.5,0.0,0.0,0.3,7.8,355.0,-0.0012252781716184,Clear,Otra
1,2015-01-14 21:43:58,2015-01-14 21:51:46,1,2.2,-73.96699523925781,40.764198303222656,1,N,-73.9713363647461,40.78615188598633,1,9.0,0.5,0.5,2.06,0.0,0.3,12.36,468.0,-0.0011440444308698,Clear,Otra
1,2015-01-03 13:25:30,2015-01-03 13:52:17,2,4.0,-74.01001739501953,40.711063385009766,1,N,-73.96890258789062,40.750244140625,2,19.0,0.0,0.5,0.0,0.0,0.0,19.8,1607.0,-0.0009612685141855,Clear,Otra
1,2015-01-21 06:02:55,2015-01-21 06:06:03,1,0.6,-73.95799255371094,40.78023910522461,1,N,-73.96025085449219,40.77317428588867,1,4.5,0.0,0.5,1.05,0.0,0.3,6.35,188.0,-0.001306511912367,Clear,Otra
2,2015-01-19 01:46:37,2015-01-19 01:55:23,1,2.3,-73.98857116699219,40.74504470825195,1,N,-73.9791717529297,40.72187423706056,2,9.5,0.5,0.5,0.0,0.0,0.3,10.8,526.0,-0.0011338902132762,Clear,Midtown Manhattan
2,2015-01-07 01:33:39,2015-01-07 01:49:12,1,4.21,-73.96198272705078,40.7158660888672,1,N,-73.95913696289062,40.66712188720703,1,15.5,0.5,0.5,2.0,0.0,0.3,18.8,933.0,-0.000939944657239,Clear,Otra
1,2015-01-12 12:26:49,2015-01-12 12:34:03,1,1.0,-73.98650360107422,40.740421295166016,1,N,-73.99815368652342,40.73558807373047,2,6.5,0.0,0.5,0.0,0.0,0.3,7.3,434.0,-0.0012658950419927,Clear,Midtown Manhattan
2,2015-01-14 07:43:13,2015-01-14 08:01:03,4,2.46,-73.95635223388672,40.787124633789055,1,N,-73.97554779052734,40.76385498046875,2,13.0,0.0,0.5,0.0,0.0,0.3,13.8,1070.0,-0.0011176434651265,Clear,Otra
2,2015-01-07 17:59:23,2015-01-07 18:12:34,6,2.03,-73.98081970214844,40.78274154663086,1,N,-73.9629364013672,40.77001953125,1,10.5,1.0,0.5,2.3,0.0,0.3,14.6,791.0,-0.0011613066007789,Clear,Otra
1,2015-01-31 21:26:17,2015-01-31 21:28:48,1,0.6,-73.96604919433594,40.79479598999024,1,N,-73.96769714355469,40.78769302368164,1,4.0,0.5,0.5,1.06,0.0,0.3,6.36,151.0,-0.001306511912367,Clear,Otra
2,2015-01-24 22:16:57,2015-01-24 22:36:29,1,6.19,-74.00936126708984,40.7380485534668,1,N,-73.96359252929686,40.80804061889648,1,21.0,0.5,0.5,1.0,0.0,0.3,23.3,1172.0,-0.0007388911488862,Clear,Otra
1,2015-01-18 04:01:08,2015-01-18 04:08:59,2,3.1,-73.98721313476561,40.72239685058594,1,N,-74.00753021240233,40.70865249633789,1,11.0,0.5,0.5,2.0,0.0,0.3,14.3,471.0,-0.0010526564725276,Clear,Lower Manhattan
1,2015-01-09 22:03:12,2015-01-09 22:07:07,1,0.7,-73.97762298583984,40.75213623046875,1,N,-73.9732894897461,40.75569152832031,2,4.5,0.5,0.5,0.0,0.0,0.3,5.8,235.0,-0.0012963576947734,Clear,Otra
1,2015-01-20 21:04:05,2015-01-20 21:11:38,1,1.2,-73.97748565673827,40.76435470581056,1,N,-73.98966979980467,40.77452850341797,1,6.5,0.5,0.5,2.0,0.0,0.3,9.8,453.0,-0.0012455866068056,Clear,Otra
1,2015-01-24 19:55:26,2015-01-24 19:59:41,1,0.8,-73.96155548095702,40.76033782958984,1,N,-73.96939849853516,40.75838088989258,2,5.0,0.0,0.5,0.0,0.0,0.3,5.8,255.0,-0.0012862034771799,Clear,Otra
1,2015-01-07 11:03:21,2015-01-07 11:06:21,1,0.6,-73.98259735107422,40.774444580078125,1,N,-73.9813003540039,40.782752990722656,2,4.5,0.0,0.5,0.0,0.0,0.3,5.3,180.0,-0.001306511912367,Clear,Otra
2,2015-01-09 21:53:21,2015-01-09 21:57:19,2,1.23,-73.97654724121092,40.78569793701172,1,N,-73.97206115722656,40.79964065551758,2,5.5,0.5,0.5,0.0,0.0,0.3,6.8,238.0,-0.0012425403415275,Clear,Otra
2,2015-01-25 20:14:14,2015-01-25 20:25:04,1,3.22,-73.87307739257811,40.7741813659668,1,N,-73.88600158691406,40.74433135986328,2,12.5,0.5,0.5,0.0,0.0,0.3,13.8,650.0,-0.0010404714114153,Clouds,Queens
2,2015-01-20 16:17:27,2015-01-20 16:27:05,1,1.74,-73.9559555053711,40.784610748291016,1,N,-73.9392852783203,40.80427932739258,2,8.5,1.0,0.5,0.0,0.0,0.3,10.3,578.0,-0.0011907538318003,Clear,Otra
2,2015-01-01 15:48:11,2015-01-01 16:08:29,1,7.24,-74.0162582397461,40.71192169189453,1,N,-73.9759292602539,40.757930755615234,2,23.5,0.0,0.5,0.0,0.0,0.3,24.3,1218.0,-0.0006322718641536,Clear,Otra
2,2015-01-09 08:30:42,2015-01-09 08:35:03,6,0.75,-73.98747253417967,40.77609634399414,1,N,-73.98109436035155,40.78445816040039,1,5.0,0.0,0.5,1.2,0.0,0.3,7.0,261.0,-0.0012912805859766,Clear,Otra
2,2015-01-30 15:42:23,2015-01-30 16:01:13,2,1.1,-73.97869110107422,40.75079727172852,1,N,-73.99364471435547,40.74989318847656,1,12.0,0.0,0.5,2.0,0.0,0.3,14.8,1130.0,-0.0012557408243991,Clear,Otra
1,2015-01-31 13:35:35,2015-01-31 13:51:46,1,2.6,-73.98606109619139,40.72646713256836,1,N,-73.9876708984375,40.75249481201172,1,12.5,0.0,0.5,1.5,0.0,0.3,14.8,971.0,-0.0011034275604955,Clear,Lower Manhattan
1,2015-01-08 00:58:10,2015-01-08 01:05:37,1,2.8,-73.99296569824217,40.75289916992188,1,N,-73.96991729736328,40.78805923461913,1,10.0,0.5,0.5,1.0,0.0,0.3,12.3,447.0,-0.0010831191253084,Clear,Midtown Manhattan
2,2015-01-06 08:55:12,2015-01-06 09:00:40,1,1.16,-73.98816680908203,40.743946075439446,1,N,-74.00018310546875,40.733055114746094,1,6.0,0.0,0.5,1.2,0.0,0.3,8.0,328.0,-0.001249648293843,Clear,Midtown Manhattan
1,2015-01-01 11:00:01,2015-01-01 11:09:59,1,3.2,-73.9894790649414,40.73509979248047,1,N,-73.95949554443358,40.76016616821289,2,12.0,0.0,0.5,0.0,0.0,0.0,12.8,598.0,-0.0010425022549341,Clear,Otra
1,2015-01-09 19:49:28,2015-01-09 19:53:03,1,0.7,-73.95479583740233,40.76480484008789,1,N,-73.96168518066406,40.75562286376953,2,5.0,0.5,0.5,0.0,0.0,0.3,6.3,215.0,-0.0012963576947734,Clear,Otra
2,2015-01-14 16:16:45,2015-01-14 16:34:01,1,2.31,-73.94927978515625,40.78445816040039,1,N,-73.9805908203125,40.78320693969727,1,12.5,1.0,0.5,1.0,0.0,0.3,15.3,1036.0,-0.0011328747915169,Clear,Otra
2,2015-01-04 16:36:34,2015-01-04 17:21:08,1,18.5,-73.97964477539062,40.7544059753418,2,N,-73.78197479248048,40.64432907104492,2,52.0,0.0,0.5,0.0,5.33,0.3,58.13,2674.0,0.0005110930368828,Clear,Otra
1,2015-01-07 19:53:54,2015-01-07 19:57:33,1,1.0,-74.0081558227539,40.721878051757805,1,N,-74.00534057617188,40.73706817626953,2,5.5,1.0,0.5,0.0,0.0,0.3,7.3,219.0,-0.0012658950419927,Clear,Lower Manhattan
2,2015-01-24 08:05:42,2015-01-24 08:14:17,2,3.22,-73.9774169921875,40.76448059082031,1,N,-73.95646667480467,40.7475471496582,1,11.0,0.0,0.5,2.36,0.0,0.3,14.16,515.0,-0.0010404714114153,Clear,Otra
2,2015-01-30 20:20:28,2015-01-30 20:47:57,6,5.52,-73.96998596191406,40.79972839355469,1,N,-73.98030853271484,40.73931884765625,1,21.0,0.5,0.5,1.0,0.0,0.3,23.3,1649.0,-0.0008069244067631,Clear,Otra
1,2015-01-16 15:56:50,2015-01-16 16:01:04,1,0.7,-73.96598052978516,40.758548736572266,1,N,-73.97431182861328,40.751819610595696,2,5.0,0.0,0.5,0.0,0.0,0.3,5.8,254.0,-0.0012963576947734,Clear,Otra
2,2015-01-17 22:52:53,2015-01-17 23:00:44,1,1.73,-73.95597839355469,40.77382278442384,1,N,-73.97087097167967,40.7876434326172,2,8.0,0.5,0.5,0.0,0.0,0.3,9.3,471.0,-0.0011917692535596,Clear,Otra
1,2015-01-31 18:36:54,2015-01-31 18:41:17,1,1.0,-73.96709442138672,40.75614929199219,1,N,-73.97683715820312,40.74340438842773,1,5.5,0.0,0.5,0.7,0.0,0.3,7.0,263.0,-0.0012658950419927,Clear,Otra
1,2015-01-22 08:47:33,2015-01-22 09:07:45,1,6.5,-73.94718170166014,40.77511596679688,1,N,-74.00637054443358,40.705787658691406,1,21.5,0.0,0.5,2.0,0.0,0.3,24.3,1212.0,-0.0007074130743461,Clear,Otra
1,2015-01-07 20:58:43,2015-01-07 20:59:02,1,2.8,-73.9827423095703,40.76675033569336,1,N,-73.98241424560547,40.766746520996094,2,2.5,0.5,0.5,0.0,0.0,0.3,3.8,19.0,-0.0010831191253084,Clear,Midtown Manhattan
2,2015-01-10 10:59:25,2015-01-10 11:10:58,1,2.92,-73.98674774169923,40.75604248046875,1,N,-74.00216674804686,40.71950912475586,2,11.0,0.0,0.5,0.0,0.0,0.3,11.8,693.0,-0.0010709340641961,Clear,Midtown Manhattan
1,2015-01-31 13:26:15,2015-01-31 13:35:15,2,1.3,-73.97453308105469,40.7830467224121,1,N,-73.95696258544923,40.78046798706056,1,8.0,0.0,0.5,1.18,0.0,0.3,9.98,540.0,-0.001235432389212,Clear,Otra
2,2015-01-18 01:19:41,2015-01-18 01:26:14,1,2.15,-73.95207214355469,40.777469635009766,1,N,-73.97489929199217,40.765079498291016,2,8.0,0.5,0.5,0.0,0.0,0.3,9.3,393.0,-0.0011491215396666,Clear,Otra
2,2015-01-10 02:56:46,2015-01-10 03:01:04,2,0.45,-73.9845962524414,40.724796295166016,1,N,-73.98810577392578,40.71881866455078,1,4.5,0.5,0.5,1.0,0.0,0.3,6.8,258.0,-0.0013217432387574,Clear,Lower Manhattan
2,2015-01-15 07:38:20,2015-01-15 07:43:03,1,0.8,-73.98013305664062,40.76462173461913,1,N,-73.97801208496092,40.756206512451165,2,5.0,0.0,0.5,0.0,0.0,0.3,5.8,283.0,-0.0012862034771799,Clear,Midtown Manhattan
1,2015-01-23 18:03:42,2015-01-23 18:12:22,1,1.4,-74.00267028808594,40.72834777832031,1,N,-73.98970031738281,40.73318099975586,2,7.5,1.0,0.5,0.0,0.0,0.3,9.3,520.0,-0.0012252781716184,Clear,Lower Manhattan
1,2015-01-25 04:08:17,2015-01-25 04:11:35,1,0.8,-74.0050277709961,40.741676330566406,1,N,-74.00351715087889,40.75069046020508,1,4.5,0.5,0.5,1.16,0.0,0.3,6.96,198.0,-0.0012862034771799,Clear,Midtown Manhattan
1,2015-01-19 22:27:06,2015-01-19 22:50:23,1,11.0,-73.99298095703125,40.75262069702149,1,N,-73.90133666992188,40.85898208618164,1,33.0,0.5,0.5,3.43,0.0,0.3,37.73,1397.0,-0.0002504732826352,Clear,Midtown Manhattan
2,2015-01-25 01:45:06,2015-01-25 01:53:42,1,1.7,-73.98473358154298,40.76837158203125,1,N,-73.97464752197266,40.7880973815918,1,8.5,0.5,0.5,1.96,0.0,0.3,11.76,516.0,-0.0011948155188377,Clear,Midtown Manhattan
1,2015-01-17 23:51:05,2015-01-17 23:58:35,2,1.5,-73.9854736328125,40.76197052001953,1,N,-73.9861068725586,40.74577713012695,2,7.0,0.5,0.5,0.0,0.0,0.3,8.3,450.0,-0.0012151239540248,Clear,Midtown Manhattan
2,2015-01-28 16:23:40,2015-01-28 16:27:56,6,1.07,-73.96914672851561,40.79579162597656,1,N,-73.96723175048828,40.80706405639648,1,5.5,1.0,0.5,1.46,0.0,0.3,8.76,256.0,-0.0012587870896772,Clear,Otra
2,2015-01-14 20:24:04,2015-01-14 20:27:25,1,0.73,-73.92976379394531,40.75674819946289,1,N,-73.9415283203125,40.76171112060546,2,4.5,0.5,0.5,0.0,0.0,0.3,5.8,201.0,-0.0012933114294954,Clear,Otra
2,2015-01-09 21:59:07,2015-01-09 22:05:35,1,0.87,-73.98246002197266,40.739776611328125,1,N,-73.98271942138672,40.748531341552734,1,6.0,0.5,0.5,1.0,0.0,0.3,8.3,388.0,-0.0012790955248644,Clear,Otra
1,2015-01-23 00:21:04,2015-01-23 00:29:37,1,2.6,-73.96697998046875,40.756961822509766,1,N,-73.94745635986328,40.789459228515625,2,10.0,0.5,0.5,0.0,0.0,0.3,11.3,513.0,-0.0011034275604955,Clear,Otra
1,2015-01-15 18:45:50,2015-01-15 18:54:29,1,1.0,-73.95654296875,40.76677322387695,1,N,-73.96697998046875,40.7634391784668,1,7.0,1.0,0.5,1.75,0.0,0.3,10.55,519.0,-0.0012658950419927,Clear,Otra
2,2015-01-06 10:56:12,2015-01-06 11:17:21,2,1.91,-73.99398803710938,40.75118637084961,1,N,-73.9727783203125,40.755672454833984,2,13.5,0.0,0.5,0.0,0.0,0.3,14.3,1269.0,-0.0011734916618912,Clear,Midtown Manhattan
2,2015-01-14 22:33:49,2015-01-14 22:44:24,6,2.28,-73.98504638671875,40.72190856933594,1,N,-74.00260162353516,40.73370361328125,1,9.5,0.5,0.5,2.0,0.0,0.3,12.8,635.0,-0.001135921056795,Clear,Lower Manhattan
2,2015-01-24 11:35:04,2015-01-24 11:37:44,1,0.65,-73.9729995727539,40.762840270996094,1,N,-73.9726333618164,40.75701522827149,2,4.0,0.0,0.5,0.0,0.0,0.3,4.8,160.0,-0.0013014348035702,Clear,Otra
1,2015-01-23 09:25:09,2015-01-23 09:34:56,1,1.1,-73.9618911743164,40.76123046875,1,N,-73.97649383544923,40.75917816162109,2,8.0,0.0,0.5,0.0,0.0,0.3,8.8,587.0,-0.0012557408243991,Clear,Otra
1,2015-01-13 22:52:10,2015-01-13 23:01:28,4,1.5,-73.9937744140625,40.749324798583984,1,N,-73.97940826416014,40.75266647338867,2,8.0,0.5,0.5,0.0,0.0,0.3,9.3,558.0,-0.0012151239540248,Clear,Midtown Manhattan
2,2015-01-08 18:33:45,2015-01-08 18:40:03,1,0.6,-73.98267364501953,40.762020111083984,1,N,-73.990478515625,40.76652145385742,1,5.5,1.0,0.5,1.3,0.0,0.3,8.6,378.0,-0.001306511912367,Clear,Midtown Manhattan
2,2015-01-09 21:00:42,2015-01-09 21:16:13,1,4.46,-73.97679901123048,40.7553596496582,1,N,-73.95426940917967,40.71913909912109,1,15.0,0.5,0.5,4.0,5.33,0.3,25.63,931.0,-0.000914559113255,Clear,Otra
1,2015-01-29 07:58:07,2015-01-29 08:04:02,2,1.0,-73.9630126953125,40.77208709716797,1,N,-73.95697021484375,40.78339767456056,1,6.0,0.0,0.5,1.75,0.0,0.3,8.55,355.0,-0.0012658950419927,Clear,Otra
1,2015-01-11 15:18:59,2015-01-11 15:26:16,1,1.6,-73.99179840087889,40.744667053222656,1,N,-73.9768295288086,40.76503753662109,2,7.5,0.0,0.5,0.0,0.0,0.3,8.3,437.0,-0.0012049697364313,Clear,Midtown Manhattan
2,2015-01-01 00:55:40,2015-01-01 01:08:38,1,3.33,-73.95191955566406,40.71483612060546,1,N,-73.91942596435547,40.74407196044922,1,13.0,0.5,0.5,3.38,0.0,0.3,17.68,778.0,-0.0010293017720624,Clear,Otra
1,2015-01-05 22:10:41,2015-01-05 22:18:53,1,1.9,-73.94551086425781,40.77408599853516,1,N,-73.96748352050781,40.762744903564446,1,8.5,0.5,0.5,1.95,0.0,0.3,11.75,492.0,-0.0011745070836505,Clear,Otra
2,2015-01-24 16:23:50,2015-01-24 16:26:12,1,0.43,-73.97046661376953,40.75629806518555,1,N,-73.96649169921875,40.76158142089844,1,4.0,0.0,0.5,1.2,0.0,0.3,6.0,142.0,-0.0013237740822761,Clear,Otra
1,2015-01-22 06:56:28,2015-01-22 07:04:14,1,2.2,0.0,0.0,1,N,-73.9787826538086,40.75441360473633,1,9.0,0.0,0.5,2.0,0.0,0.3,11.8,466.0,-0.0011440444308698,Clear,Otra
1,2015-01-05 15:58:32,2015-01-05 16:15:40,4,2.8,-73.99076843261719,40.751174926757805,1,N,-73.9947967529297,40.71868896484375,1,13.5,0.0,0.5,2.85,0.0,0.3,17.15,1028.0,-0.0010831191253084,Clear,Midtown Manhattan
1,2015-01-07 16:36:51,2015-01-07 16:49:14,3,1.3,-73.99390411376953,40.746524810791016,1,N,-74.00490570068358,40.74964141845703,1,9.0,1.0,0.5,1.0,0.0,0.3,11.8,743.0,-0.001235432389212,Clear,Midtown Manhattan
2,2015-01-18 11:40:54,2015-01-18 11:41:41,6,0.21,-73.9805908203125,40.76544189453125,1,N,-73.98348236083984,40.76221084594727,2,3.0,0.0,0.5,0.0,0.0,0.3,3.8,47.0,-0.0013461133609819,Clear,Midtown Manhattan
2,2015-01-05 06:27:16,2015-01-05 06:52:54,5,19.07,-73.99274444580078,40.770938873291016,3,N,-74.1804962158203,40.68838119506836,1,67.5,0.0,0.0,12.0,17.08,0.3,96.88,1538.0,0.0005689720771661,Clear,Otra
1,2015-01-07 13:11:06,2015-01-07 13:20:17,1,0.8,-74.01027679443358,40.718364715576165,1,N,-74.00621032714845,40.710105895996094,2,7.0,0.0,0.5,0.0,0.0,0.3,7.8,551.0,-0.0012862034771799,Clear,Otra
2,2015-01-29 22:43:13,2015-01-29 22:53:24,1,1.85,-73.97530364990233,40.75974655151367,1,N,-73.98368835449217,40.73817825317384,2,9.0,0.5,0.5,0.0,0.0,0.3,10.3,611.0,-0.0011795841924473,Clear,Otra
1,2015-01-30 20:28:10,2015-01-30 20:44:07,1,1.7,-73.97975158691406,40.73495101928711,1,N,-74.00565338134764,40.74540710449219,1,11.0,0.5,0.5,2.45,0.0,0.3,14.75,957.0,-0.0011948155188377,Clear,Otra
1,2015-01-22 18:17:05,2015-01-22 18:28:28,1,1.8,-73.98163604736328,40.76841735839844,1,N,-73.96871948242188,40.78922271728516,1,9.5,1.0,0.5,3.35,0.0,0.3,14.65,683.0,-0.0011846613012441,Clear,Midtown Manhattan
2,2015-01-24 11:04:10,2015-01-24 11:13:16,1,2.68,-74.0094223022461,40.71556854248047,1,N,-74.00602722167967,40.75024032592773,2,10.5,0.0,0.5,0.0,0.0,0.3,11.3,546.0,-0.0010953041864207,Clear,Lower Manhattan
2,2015-01-23 21:54:58,2015-01-23 21:59:45,1,0.42,-73.98755645751953,40.75632858276367,1,N,-73.99054718017578,40.75083923339844,1,5.0,0.5,0.5,0.0,0.0,0.3,6.3,287.0,-0.0013247895040354,Clear,Midtown Manhattan
2,2015-01-23 07:49:28,2015-01-23 09:04:20,1,18.23,-73.77667236328125,40.64534759521485,2,N,-73.98278045654298,40.76104736328125,1,52.0,0.0,0.5,14.53,5.33,0.3,72.66,4492.0,0.0004836766493801,Clouds,Otra
2,2015-01-04 16:27:59,2015-01-04 16:32:38,1,0.91,-73.98137664794923,40.73722839355469,1,N,-73.99137878417967,40.73194122314453,2,5.0,0.0,0.5,0.0,0.0,0.3,5.8,279.0,-0.0012750338378269,Clear,Otra
2,2015-01-30 12:00:33,2015-01-30 12:10:10,1,1.05,-73.97233581542967,40.75665283203125,1,N,-73.98187255859375,40.75524520874024,1,7.5,0.0,0.5,1.5,0.0,0.3,9.8,577.0,-0.0012608179331959,Clear,Otra
2,2015-01-18 23:40:48,2015-01-18 23:43:22,5,0.46,-73.98247528076173,40.74596405029297,1,N,-73.9774398803711,40.750686645507805,2,4.0,0.5,0.5,0.0,0.0,0.3,5.3,154.0,-0.001320727816998,Clear,Midtown Manhattan
2,2015-01-06 13:26:41,2015-01-06 13:35:15,2,1.11,-73.9641876220703,40.76490020751953,1,N,-73.97480010986328,40.75859069824219,1,7.5,0.0,0.5,1.5,0.0,0.3,9.8,514.0,-0.0012547254026398,Clear,Otra
2,2015-01-18 11:33:40,2015-01-18 11:41:54,1,2.21,-73.97260284423827,40.78597259521485,1,N,-73.96900939941406,40.76523208618164,1,9.0,0.0,0.5,2.7,0.0,0.3,12.5,494.0,-0.0011430290091105,Clear,Otra
1,2015-01-31 11:55:47,2015-01-31 12:00:14,1,0.5,-74.00060272216798,40.742279052734375,1,N,-73.99237823486328,40.74348068237305,1,5.0,0.0,0.5,1.15,0.0,0.3,6.95,267.0,-0.0013166661299606,Clear,Midtown Manhattan
2,2015-01-22 09:37:39,2015-01-22 09:45:19,1,1.04,-73.97677612304686,40.74996566772461,1,N,-73.98887634277344,40.74454879760742,1,6.5,0.0,0.5,1.46,0.0,0.3,8.76,460.0,-0.0012618333549553,Clear,Otra
2,2015-01-10 14:50:08,2015-01-10 14:58:34,1,1.55,-73.98783874511719,40.73219680786133,1,N,-73.97575378417967,40.751495361328125,1,8.0,0.0,0.5,1.2,0.0,0.3,10.0,506.0,-0.001210046845228,Clear,Otra
1,2015-01-08 08:27:01,2015-01-08 08:33:10,1,0.8,-73.97203063964845,40.75524520874024,1,N,-73.9788818359375,40.76150894165039,1,6.0,0.0,0.5,1.5,0.0,0.3,8.3,369.0,-0.0012862034771799,Clear,Otra
2,2015-01-03 21:17:24,2015-01-03 21:24:19,3,1.21,-73.97222137451173,40.786865234375,1,N,-73.95609283447266,40.78320693969727,2,6.5,0.5,0.5,0.0,0.0,0.3,7.8,415.0,-0.0012445711850462,Clear,Otra
2,2015-01-13 18:08:25,2015-01-13 18:55:37,1,17.14,-73.97461700439453,40.75740051269531,2,N,-73.77632141113281,40.64577865600586,1,52.0,0.0,0.5,7.0,5.33,0.3,65.13,2832.0,0.0003729956776101,Clear,Otra
2,2015-01-24 08:37:11,2015-01-24 08:44:51,1,1.64,-73.93952178955078,40.80523681640625,1,N,-73.96114349365233,40.806861877441406,1,8.0,0.0,0.5,1.76,0.0,0.3,10.56,460.0,-0.0012009080493938,Clear,Otra
1,2015-01-15 12:09:23,2015-01-15 12:32:17,1,2.7,-73.96893310546875,40.75401306152344,1,N,-73.99478149414062,40.72300720214844,2,15.0,0.0,0.5,0.0,0.0,0.3,15.8,1374.0,-0.0010932733429019,Clear,Otra
1,2015-01-23 14:52:54,2015-01-23 15:23:32,1,9.8,-73.98119354248048,40.753730773925774,1,N,-73.86470794677734,40.77022552490234,1,30.0,0.0,0.5,5.0,5.33,0.3,41.13,1838.0,-0.0003723238937581,Clear,Midtown Manhattan
1,2015-01-03 15:26:49,2015-01-03 15:32:28,1,1.1,-73.98133850097656,40.76768493652344,1,N,-73.97378540039062,40.75730895996094,2,6.0,0.0,0.5,0.0,0.0,0.0,6.8,339.0,-0.0012557408243991,Clear,Midtown Manhattan
1,2015-01-13 20:55:46,2015-01-13 21:07:48,1,2.4,-74.0023422241211,40.72924041748047,1,N,-73.97341918945312,40.74385452270508,1,10.5,0.5,0.5,2.35,0.0,0.3,14.15,722.0,-0.0011237359956827,Clear,Lower Manhattan
2,2015-01-11 16:07:00,2015-01-11 16:12:18,6,0.8,-73.9905776977539,40.75632858276367,1,N,-73.981689453125,40.76549911499024,2,5.5,0.0,0.5,0.0,0.0,0.3,6.3,318.0,-0.0012862034771799,Clear,Midtown Manhattan
1,2015-01-08 07:39:50,2015-01-08 07:41:53,1,0.6,-74.00169372558595,40.75653076171875,1,N,-74.00264739990233,40.74956512451172,2,4.0,0.0,0.5,0.0,0.0,0.3,4.8,123.0,-0.001306511912367,Clear,Midtown Manhattan
2,2015-01-22 22:06:02,2015-01-22 22:27:31,2,4.08,-73.97569274902342,40.74966049194336,1,N,-73.97016906738281,40.79418182373047,1,17.0,0.5,0.5,3.66,0.0,0.3,21.96,1289.0,-0.0009531451401106,Clear,Otra
2,2015-01-16 03:18:35,2015-01-16 03:19:41,1,0.0,0.0,0.0,5,N,0.0,0.0,1,24.0,0.0,0.0,6.0,0.0,0.3,30.3,66.0,-0.0013674372179285,Clear,Otra
1,2015-01-23 18:29:32,2015-01-23 18:49:27,1,2.8,-73.98081970214844,40.76181411743164,1,N,-73.98410797119139,40.73033142089844,1,13.5,1.0,0.5,3.05,0.0,0.3,18.35,1195.0,-0.0010831191253084,Clear,Midtown Manhattan
1,2015-01-12 06:24:52,2015-01-12 06:56:42,1,17.7,-73.97549438476561,40.76106262207031,2,N,-73.78231811523438,40.648784637451165,1,52.0,0.0,0.5,11.6,5.33,0.3,69.73,1910.0,0.0004298592961342,Clear,Otra
2,2015-01-17 15:55:26,2015-01-17 16:03:14,2,1.45,-73.97356414794923,40.76473617553711,1,N,-73.97300720214845,40.78016662597656,2,7.5,0.0,0.5,0.0,0.0,0.3,8.3,468.0,-0.0012202010628216,Clear,Otra
1,2015-01-12 22:07:37,2015-01-12 22:13:38,1,1.4,-73.95270538330078,40.783294677734375,1,N,-73.95510864257811,40.767532348632805,1,7.0,0.5,0.5,1.5,0.0,0.3,9.8,361.0,-0.0012252781716184,Clear,Otra
1,2015-01-14 20:02:35,2015-01-14 20:18:44,1,2.7,-74.00591278076173,40.70930862426758,1,N,-73.99920654296875,40.684566497802734,1,11.5,0.5,0.5,3.2,0.0,0.3,16.0,969.0,-0.0010932733429019,Clear,Lower Manhattan
1,2015-01-13 20:02:46,2015-01-13 20:06:25,1,0.5,-73.9835433959961,40.76043701171875,1,N,-73.97672271728516,40.755897521972656,2,4.5,0.5,0.5,0.0,0.0,0.3,5.8,219.0,-0.0013166661299606,Clear,Midtown Manhattan
2,2015-01-20 20:50:18,2015-01-20 21:02:51,1,2.89,-73.96842956542967,40.75913238525391,1,N,-73.98072052001953,40.78482818603516,2,12.0,0.5,0.5,0.0,0.0,0.3,13.3,753.0,-0.0010739803294741,Clear,Otra
2,2015-01-26 14:23:26,2015-01-26 14:55:24,5,2.45,-73.98043060302734,40.76549911499024,1,N,-73.95982360839844,40.765357971191406,2,18.5,0.0,0.5,0.0,0.0,0.3,19.3,1918.0,-0.0011186588868859,Clear,Midtown Manhattan
1,2015-01-26 12:55:53,2015-01-26 13:02:46,1,1.6,-73.95779418945312,40.76091384887695,1,N,-73.97647857666014,40.7501106262207,2,7.5,0.0,0.5,0.0,0.0,0.3,8.3,413.0,-0.0012049697364313,Clear,Otra
2,2015-01-07 20:26:01,2015-01-07 20:38:55,1,2.04,-73.98639678955078,40.704322814941406,1,N,-73.97298431396483,40.6882438659668,2,10.5,0.5,0.5,0.0,0.0,0.3,11.8,774.0,-0.0011602911790195,Clear,Lower Manhattan
2,2015-01-18 19:53:42,2015-01-18 20:01:01,5,1.21,-73.99337005615233,40.74229431152344,1,N,-74.00609588623048,40.73452377319336,1,7.0,0.0,0.5,1.75,0.0,0.3,9.55,439.0,-0.0012445711850462,Clear,Midtown Manhattan
1,2015-01-10 15:04:27,2015-01-10 15:16:11,2,2.1,-73.95942687988281,40.75885009765625,1,N,-73.95075988769531,40.782508850097656,1,10.0,0.0,0.5,2.15,0.0,0.3,12.95,704.0,-0.0011541986484634,Clear,Otra
1,2015-01-09 19:30:32,2015-01-09 19:40:14,1,2.5,-73.98198699951173,40.77187728881836,1,N,-73.9599380493164,40.799766540527344,1,10.0,1.0,0.5,1.5,0.0,0.3,13.3,582.0,-0.0011135817780891,Clear,Otra
1,2015-01-24 03:19:56,2015-01-24 03:32:19,1,1.5,-73.99961853027342,40.713966369628906,1,N,-73.98394012451173,40.722286224365234,1,9.5,0.5,0.5,1.0,0.0,0.3,11.8,743.0,-0.0012151239540248,Clear,Lower Manhattan
2,2015-01-09 07:07:23,2015-01-09 07:12:30,1,0.72,-73.99198913574217,40.74892807006836,1,N,-73.99188232421875,40.741607666015625,2,5.0,0.0,0.5,0.0,0.0,0.3,5.8,307.0,-0.0012943268512547,Clear,Midtown Manhattan
1,2015-01-18 12:59:38,2015-01-18 13:05:33,1,1.4,-73.95525360107422,40.78021240234375,1,N,-73.9678955078125,40.76276397705078,2,6.5,0.0,0.5,0.0,0.0,0.3,7.3,355.0,-0.0012252781716184,Clear,Otra
2,2015-01-12 13:51:13,2015-01-12 14:04:02,1,1.22,-73.99417877197266,40.75121688842773,1,N,-73.97756958007811,40.75355911254882,2,9.0,0.0,0.5,0.0,0.0,0.3,9.8,769.0,-0.0012435557632868,Clear,Midtown Manhattan
2,2015-01-16 08:38:10,2015-01-16 08:52:17,2,1.67,-73.9572525024414,40.78213119506836,1,N,-73.96853637695312,40.76289749145508,1,10.5,0.0,0.5,2.2,0.0,0.3,13.5,847.0,-0.0011978617841158,Clear,Otra
2,2015-01-15 20:40:23,2015-01-15 21:00:39,1,3.69,-73.98146057128906,40.746849060058594,1,N,-73.97566223144531,40.78461837768555,1,15.5,0.5,0.5,3.2,0.0,0.0,19.7,1216.0,-0.0009927465887255,Clear,Midtown Manhattan
1,2015-01-07 14:20:30,2015-01-07 14:32:24,2,1.5,-73.95494842529298,40.7833251953125,1,N,-73.96800231933594,40.765300750732415,1,9.0,0.0,0.5,1.95,0.0,0.3,11.75,714.0,-0.0012151239540248,Clear,Otra
2,2015-01-30 18:53:48,2015-01-30 19:14:03,1,3.8,-73.98751068115233,40.76544189453125,1,N,-73.95216369628906,40.78482818603516,1,16.0,1.0,0.5,1.0,0.0,0.3,18.8,1215.0,-0.0009815769493726,Clear,Midtown Manhattan
1,2015-01-28 11:03:46,2015-01-28 11:21:10,1,2.3,-73.98802185058595,40.73712539672852,1,N,-73.97050476074217,40.76643371582031,1,12.5,0.0,0.5,3.3,0.0,0.3,16.6,1044.0,-0.0011338902132762,Clear,Otra
1,2015-01-16 18:55:37,2015-01-16 18:58:08,1,0.6,-73.95710754394531,40.77097702026367,1,N,-73.9541473388672,40.77852630615234,2,4.0,1.0,0.5,0.0,0.0,0.3,5.8,151.0,-0.001306511912367,Clear,Otra
1,2015-01-05 14:07:41,2015-01-05 14:21:14,1,4.6,-74.01006317138672,40.70519256591797,1,N,-73.97402954101561,40.74661636352539,2,16.0,0.0,0.5,0.0,0.0,0.3,16.8,813.0,-0.000900343208624,Clear,Otra
1,2015-01-04 21:44:49,2015-01-04 21:58:57,1,2.6,-74.00384521484375,40.75061798095703,1,N,-73.99845886230467,40.72288513183594,2,11.5,0.5,0.5,0.0,0.0,0.0,12.8,848.0,-0.0011034275604955,Clear,Midtown Manhattan
1,2015-01-02 05:32:09,2015-01-02 05:48:41,1,4.3,-73.95437622070312,40.763984680175774,1,N,-73.93405151367188,40.77316665649414,2,16.0,0.5,0.5,0.0,0.0,0.0,17.3,992.0,-0.0009308058614047,Clear,Otra
1,2015-01-07 18:06:49,2015-01-07 18:13:58,1,0.9,-73.98635864257811,40.73054122924805,1,N,-73.98751068115233,40.740753173828125,1,6.5,1.0,0.5,0.7,0.0,0.3,9.0,429.0,-0.0012760492595863,Clear,Otra
2,2015-01-08 14:46:11,2015-01-08 14:51:31,1,0.84,-73.97440338134764,40.75927734375,1,N,-73.96458435058595,40.76326751708984,2,5.5,0.0,0.5,0.0,0.0,0.3,6.3,320.0,-0.0012821417901424,Clear,Otra
1,2015-01-28 08:44:33,2015-01-28 09:03:49,1,2.8,-74.00348663330078,40.73258972167969,1,N,-73.97315216064453,40.74610137939453,1,14.0,0.0,0.5,2.95,0.0,0.3,17.75,1156.0,-0.0010831191253084,Clear,Otra
1,2015-01-22 08:24:05,2015-01-22 08:56:34,1,18.3,-73.97798919677734,40.7307014465332,2,N,-73.77843475341797,40.64499282836913,2,52.0,0.0,0.5,0.0,0.0,0.3,52.8,1949.0,0.0004907846016956,Clear,Otra
1,2015-01-16 18:36:25,2015-01-16 18:48:48,1,2.6,-73.98163604736328,40.7590217590332,1,N,-73.95258331298828,40.7798309326172,1,11.0,1.0,0.5,3.12,0.0,0.3,15.92,743.0,-0.0011034275604955,Clear,Midtown Manhattan
1,2015-01-15 13:33:58,2015-01-15 13:35:37,1,0.5,-74.0070571899414,40.74363708496094,1,N,-74.00499725341797,40.74975204467773,2,3.5,0.0,0.5,0.0,0.0,0.3,4.3,99.0,-0.0013166661299606,Clear,Midtown Manhattan
1,2015-01-10 18:43:35,2015-01-10 18:45:58,1,0.5,-73.98007965087889,40.78539657592773,1,N,-73.975341796875,40.79220962524414,2,4.0,0.0,0.5,0.0,0.0,0.3,4.8,143.0,-0.0013166661299606,Clear,Otra
1,2015-01-14 22:06:33,2015-01-14 22:23:43,1,7.2,-73.97501373291014,40.752117156982415,1,N,-74.000732421875,40.68913650512695,1,22.5,0.5,0.5,3.0,0.0,0.3,26.8,1030.0,-0.0006363335511911,Clear,Otra
2,2015-01-20 11:24:29,2015-01-20 11:42:07,6,2.17,-73.98951721191406,40.762577056884766,1,N,-73.98966217041014,40.739845275878906,1,12.5,0.0,0.5,1.0,0.0,0.3,14.3,1058.0,-0.0011470906961479,Clear,Midtown Manhattan
